id,title,year
5,Four Rooms,1995
11,Star Wars,1977
12,Finding Nemo,2003
13,Forrest Gump,1994
14,American Beauty,1999
15,Citizen Kane,1941
16,Dancer in the Dark,2000
18,The Fifth Element,1997
19,Metropolis,1927
20,My Life Without Me,2003
22,Pirates of the Caribbean: The Curse of the Black Pearl,2003
24,Kill Bill: Vol. 1,2003
25,Jarhead,2005
27,9 Songs,2004
28,Apocalypse Now,1979
33,Unforgiven,1992
35,The Simpsons Movie,2007
38,Eternal Sunshine of the Spotless Mind,2004
55,Amores Perros,2000
58,Pirates of the Caribbean: Dead Man's Chest,2006
59,A History of Violence,2005
62,2001: A Space Odyssey,1968
63,Twelve Monkeys,1995
64,Talk to Her,2002
65,8 Mile,2002
68,Brazil,1985
69,Walk the Line,2005
70,Million Dollar Baby,2004
71,Billy Elliot,2000
73,American History X,1998
74,War of the Worlds,2005
75,Mars Attacks!,1996
76,Before Sunrise,1995
77,Memento,2000
78,Blade Runner,1982
79,Hero,2002
80,Before Sunset,2004
81,Nausicaä of the Valley of the Wind,1984
82,Miami Vice,2006
83,Open Water,2003
85,Raiders of the Lost Ark,1981
87,Indiana Jones and the Temple of Doom,1984
88,Dirty Dancing,1987
89,Indiana Jones and the Last Crusade,1989
90,Beverly Hills Cop,1984
93,Anatomy of a Murder,1959
95,Armageddon,1998
96,Beverly Hills Cop II,1987
97,Tron,1982
98,Gladiator,2000
99,All About My Mother,1999
100,"Lock, Stock and Two Smoking Barrels",1998
101,Léon: The Professional,1994
103,Taxi Driver,1976
104,Run Lola Run,1998
105,Back to the Future,1985
106,Predator,1987
107,Snatch,2000
108,Three Colors: Blue,1993
109,Three Colors: White,1994
110,Three Colors: Red,1994
111,Scarface,1983
113,"Spring, Summer, Fall, Winter... and Spring",2003
114,Pretty Woman,1990
115,The Big Lebowski,1998
116,Match Point,2005
117,The Untouchables,1987
118,Charlie and the Chocolate Factory,2005
120,The Lord of the Rings: The Fellowship of the Ring,2001
121,The Lord of the Rings: The Two Towers,2002
122,The Lord of the Rings: The Return of the King,2003
123,The Lord of the Rings,1978
128,Princess Mononoke,1997
129,Spirited Away,2001
134,"O Brother, Where Art Thou?",2000
136,Freaks,1932
137,Groundhog Day,1993
138,Dracula,1931
140,Bad Education,2004
141,Donnie Darko,2001
142,Brokeback Mountain,2005
143,All Quiet on the Western Front,1930
144,Wings of Desire,1987
145,Breaking the Waves,1996
146,"Crouching Tiger, Hidden Dragon",2000
147,The 400 Blows,1959
149,Akira,1988
150,48 Hrs.,1982
152,Star Trek: The Motion Picture,1979
153,Lost in Translation,2003
154,Star Trek II: The Wrath of Khan,1982
155,The Dark Knight,2008
157,Star Trek III: The Search for Spock,1984
161,Ocean's Eleven,2001
162,Edward Scissorhands,1990
163,Ocean's Twelve,2004
164,Breakfast at Tiffany's,1961
165,Back to the Future Part II,1989
166,The Party,1980
167,K-PAX,2001
168,Star Trek IV: The Voyage Home,1986
169,Predator 2,1990
170,28 Days Later,2002
172,Star Trek V: The Final Frontier,1989
173,"20,000 Leagues Under the Sea",1954
175,The Big Blue,1988
176,Saw,2004
177,The Fisher King,1991
178,Blown Away,1994
179,The Interpreter,2005
180,Minority Report,2002
184,Jackie Brown,1997
185,A Clockwork Orange,1971
186,Lucky Number Slevin,2006
187,Sin City,2005
189,Sin City: A Dame to Kill For,2014
192,The Name of the Rose,1986
193,Star Trek: Generations,1994
194,Amélie,2001
196,Back to the Future Part III,1990
197,Braveheart,1995
199,Star Trek: First Contact,1996
200,Star Trek: Insurrection,1998
201,Star Trek: Nemesis,2002
203,Mean Streets,1973
204,The Wages of Fear,1953
205,Hotel Rwanda,2004
207,Dead Poets Society,1989
213,North by Northwest,1959
214,Saw III,2006
215,Saw II,2005
217,Indiana Jones and the Kingdom of the Crystal Skull,2008
218,The Terminator,1984
219,Volver,2006
220,East of Eden,1955
221,Rebel Without a Cause,1955
223,Rebecca,1940
226,Boys Don't Cry,1999
227,The Outsiders,1983
228,The Blue Angel,1930
229,Bride of Frankenstein,1935
231,Syriana,2005
234,The Cabinet of Dr. Caligari,1920
235,Stand by Me,1986
237,Young Adam,2003
238,The Godfather,1972
239,Some Like It Hot,1959
240,The Godfather Part II,1974
241,Natural Born Killers,1994
242,The Godfather Part III,1990
243,High Fidelity,2000
244,King Kong,1933
245,About a Boy,2002
247,The Killing,1956
249,The War of the Roses,1989
251,Ghost,1990
252,Willy Wonka & the Chocolate Factory,1971
253,Live and Let Die,1973
254,King Kong,2005
260,The 39 Steps,1935
261,Cat on a Hot Tin Roof,1958
262,The King of Comedy,1982
266,Contempt,1963
267,Live Flesh,1997
268,Batman,1989
269,Breathless,1960
272,Batman Begins,2005
274,The Silence of the Lambs,1991
275,Fargo,1996
277,Underworld,2003
278,The Shawshank Redemption,1994
279,Amadeus,1984
280,Terminator 2: Judgment Day,1991
281,Strange Days,1995
284,The Apartment,1960
285,Pirates of the Caribbean: At World's End,2007
288,High Noon,1952
289,Casablanca,1943
290,Barton Fink,1991
293,A River Runs Through It,1992
296,Terminator 3: Rise of the Machines,2003
297,Meet Joe Black,1998
298,Ocean's Thirteen,2007
299,Ocean's Eleven,1960
301,Rio Bravo,1959
302,Swimming Pool,2003
303,Notorious,1946
306,Beverly Hills Cop III,1994
310,Bruce Almighty,2003
311,Once Upon a Time in America,1984
314,Catwoman,2004
319,True Romance,1993
320,Insomnia,2002
322,Mystic River,2003
326,Snakes on a Plane,2006
329,Jurassic Park,1993
332,Inspector Gadget,1999
334,Magnolia,1999
335,Once Upon a Time in the West,1968
336,"Duck, You Sucker",1971
338,"Good Bye, Lenin!",2003
339,Night on Earth,1991
343,Harold and Maude,1971
345,Eyes Wide Shut,1999
346,Seven Samurai,1954
348,Alien,1979
350,The Devil Wears Prada,2006
364,Batman Returns,1992
377,A Nightmare on Elm Street,1984
378,Raising Arizona,1987
379,Miller's Crossing,1990
380,Rain Man,1988
381,To Catch a Thief,1955
387,Das Boot,1981
388,Inside Man,2006
389,12 Angry Men,1957
391,A Fistful of Dollars,1964
392,Chocolat,2000
393,Kill Bill: Vol. 2,2004
395,AVP: Alien vs. Predator,2004
396,Who's Afraid of Virginia Woolf?,1966
397,French Kiss,1995
398,Capote,2005
401,Garden State,2004
402,Basic Instinct,1992
403,Driving Miss Daisy,1989
404,The Straight Story,1999
406,La Haine,1995
408,Snow White and the Seven Dwarfs,1938
409,The English Patient,1996
411,"The Chronicles of Narnia: The Lion, the Witch and the Wardrobe",2005
414,Batman Forever,1995
415,Batman & Robin,1997
421,The Life Aquatic with Steve Zissou,2004
422,8½,1963
423,The Pianist,2002
424,Schindler's List,1993
425,Ice Age,2002
426,Vertigo,1958
429,"The Good, the Bad and the Ugly",1966
431,Cube,1998
433,Mary Poppins,1964
435,The Day After Tomorrow,2004
438,Cube Zero,2004
439,La Dolce Vita,1960
440,Aliens vs Predator: Requiem,2007
445,Caché,2005
451,Leaving Las Vegas,1995
452,The Idiots,1998
453,A Beautiful Mind,2001
454,Romeo + Juliet,1996
455,Bend It Like Beckham,2002
457,Sissi,1955
458,Sissi: The Young Empress,1956
459,Sissi: The Fateful Years of an Empress,1957
462,Erin Brockovich,2000
468,My Own Private Idaho,1991
470,21 Grams,2003
473,Pi,1998
475,Bonnie and Clyde,1967
479,Shaft,2000
483,Wild at Heart,1990
489,Good Will Hunting,1997
490,The Seventh Seal,1957
492,Being John Malkovich,1999
496,Borat: Cultural Learnings of America for Make Benefit Glorious Nation of Kazakhstan,2006
497,The Green Mile,1999
499,Cléo from 5 to 7,1962
500,Reservoir Dogs,1992
503,Poseidon,2006
504,Monster,2003
506,Marnie,1964
508,Love Actually,2003
509,Notting Hill,1999
510,One Flew Over the Cuckoo's Nest,1975
512,Scoop,2006
521,Dial M for Murder,1954
522,Ed Wood,1994
524,Casino,1995
525,The Blues Brothers,1980
526,Ladyhawke,1985
530,A Grand Day Out,1990
531,The Wrong Trousers,1993
533,Wallace & Gromit: The Curse of the Were-Rabbit,2005
534,Terminator Salvation,2009
535,Flashdance,1983
539,Psycho,1960
540,D.E.B.S.,2004
544,There's Something About Mary,1998
547,The Horse Whisperer,1998
548,Rashomon,1950
550,Fight Club,1999
551,The Poseidon Adventure,1972
553,Dogville,2003
557,Spider-Man,2002
558,Spider-Man 2,2004
559,Spider-Man 3,2007
561,Constantine,2005
562,Die Hard,1988
563,Starship Troopers,1997
564,The Mummy,1999
565,The Ring,2002
567,Rear Window,1954
568,Apollo 13,1995
570,Fat Girl,2001
571,The Birds,1963
574,The Man Who Knew Too Much,1956
575,The Experiment,2001
576,The Wild Bunch,1969
577,To Die For,1995
578,Jaws,1975
579,Jaws 2,1978
580,Jaws: The Revenge,1987
581,Dances with Wolves,1990
582,The Lives of Others,2006
583,Life of Brian,1979
585,"Monsters, Inc.",2001
587,Big Fish,2003
588,Silent Hill,2006
590,The Hours,2002
591,The Da Vinci Code,2006
592,The Conversation,1974
593,Solaris,1972
594,The Terminal,2004
595,To Kill a Mockingbird,1962
597,Titanic,1997
598,City of God,2002
599,Sunset Boulevard,1950
600,Full Metal Jacket,1987
601,E.T. the Extra-Terrestrial,1982
602,Independence Day,1996
603,The Matrix,1999
604,The Matrix Reloaded,2003
605,The Matrix Revolutions,2003
606,Out of Africa,1985
607,Men in Black,1997
608,Men in Black II,2002
609,Poltergeist,1982
612,Munich,2005
613,Downfall,2004
614,Wild Strawberries,1957
615,The Passion of the Christ,2004
616,The Last Samurai,2003
617,Wild Things,1998
618,The Birth of a Nation,1915
619,The Bodyguard,1992
620,Ghostbusters,1984
621,Grease,1978
622,The Ninth Gate,1999
623,A Fish Called Wanda,1988
624,Easy Rider,1969
625,The Killing Fields,1984
627,Trainspotting,1996
628,Interview with the Vampire,1994
629,The Usual Suspects,1995
630,The Wizard of Oz,1939
634,Bridget Jones's Diary,2001
635,Angel Heart,1987
637,Life Is Beautiful,1997
638,Lost Highway,1997
639,When Harry Met Sally...,1989
640,Catch Me If You Can,2002
641,Requiem for a Dream,2000
642,Butch Cassidy and the Sundance Kid,1969
643,Battleship Potemkin,1925
644,A.I. Artificial Intelligence,2001
646,Dr. No,1962
647,Final Fantasy VII: Advent Children,2005
648,Beauty and the Beast,1946
649,Belle de Jour,1967
650,Boyz n the Hood,1991
651,M*A*S*H,1970
652,Troy,2004
653,Nosferatu,1922
654,On the Waterfront,1954
655,"Paris, Texas",1984
657,From Russia with Love,1963
658,Goldfinger,1964
659,The Tin Drum,1979
660,Thunderball,1965
662,La Jetée,1962
663,Saw IV,2007
664,Twister,1996
665,Ben-Hur,1959
667,You Only Live Twice,1967
668,On Her Majesty's Secret Service,1969
670,Oldboy,2003
671,Harry Potter and the Philosopher's Stone,2001
672,Harry Potter and the Chamber of Secrets,2002
673,Harry Potter and the Prisoner of Azkaban,2004
674,Harry Potter and the Goblet of Fire,2005
675,Harry Potter and the Order of the Phoenix,2007
676,Pearl Harbor,2001
678,Out of the Past,1947
679,Aliens,1986
680,Pulp Fiction,1994
681,Diamonds Are Forever,1971
682,The Man with the Golden Gun,1974
686,Contact,1997
687,Dead Man Walking,1995
688,The Bridges of Madison County,1995
691,The Spy Who Loved Me,1977
692,Pink Flamingos,1972
693,Meet the Fockers,2004
694,The Shining,1980
696,Manhattan,1979
698,Moonraker,1979
699,For Your Eyes Only,1981
700,Octopussy,1983
702,A Streetcar Named Desire,1951
703,Annie Hall,1977
705,All About Eve,1950
707,A View to a Kill,1985
708,The Living Daylights,1987
709,Licence to Kill,1989
710,GoldenEye,1995
712,Four Weddings and a Funeral,1994
713,The Piano,1993
714,Tomorrow Never Dies,1997
744,Top Gun,1986
745,The Sixth Sense,1999
746,The Last Emperor,1987
747,Shaun of the Dead,2004
752,V for Vendetta,2006
754,Face/Off,1997
755,From Dusk Till Dawn,1996
756,Fantasia,1940
759,Gentlemen Prefer Blondes,1953
760,The Mad Adventures of Rabbi Jacob,1973
761,The Wing or the Thigh?,1976
762,Monty Python and the Holy Grail,1975
764,The Evil Dead,1981
765,Evil Dead II,1987
766,Army of Darkness,1992
767,Harry Potter and the Half-Blood Prince,2009
768,From Hell,2001
769,GoodFellas,1990
770,Gone with the Wind,1939
772,Home Alone 2: Lost in New York,1992
773,Little Miss Sunshine,2006
780,The Passion of Joan of Arc,1928
782,Gattaca,1997
783,Gandhi,1982
786,Almost Famous,2000
787,Mr. & Mrs. Smith,2005
788,Mrs. Doubtfire,1993
790,The Fog,1980
791,The Fog,2005
792,Platoon,1986
793,Blue Velvet,1986
794,The Omen,1976
795,City of Angels,1998
796,Cruel Intentions,1999
797,Persona,1966
801,"Good Morning, Vietnam",1987
802,Lolita,1962
804,Roman Holiday,1953
805,Rosemary's Baby,1968
806,The Omen,2006
807,Se7en,1995
808,Shrek,2001
809,Shrek 2,2004
810,Shrek the Third,2007
812,Aladdin,1992
813,Airplane!,1980
814,An American Werewolf in London,1981
816,Austin Powers: International Man of Mystery,1997
817,Austin Powers: The Spy Who Shagged Me,1999
818,Austin Powers in Goldmember,2002
819,Sleepers,1996
820,JFK,1991
821,Judgment at Nuremberg,1961
823,Jin-Roh: The Wolf Brigade,1999
824,Moulin Rouge!,2001
826,The Bridge on the River Kwai,1957
827,Diabolique,1955
828,The Day the Earth Stood Still,1951
829,Chinatown,1974
830,Forbidden Planet,1956
832,M,1931
834,Underworld: Evolution,2006
837,Videodrome,1983
838,American Graffiti,1973
839,Duel,1971
840,Close Encounters of the Third Kind,1977
841,Dune,1984
843,In the Mood for Love,2000
844,2046,2004
845,Strangers on a Train,1951
846,The X-Files,1998
847,Willow,1988
849,Krull,1983
851,Brief Encounter,1945
853,Enemy at the Gates,2001
854,The Mask,1994
855,Black Hawk Down,2001
856,Who Framed Roger Rabbit,1988
857,Saving Private Ryan,1998
858,Sleepless in Seattle,1993
859,Dangerous Liaisons,1988
860,WarGames,1983
861,Total Recall,1990
862,Toy Story,1995
863,Toy Story 2,1999
864,Cool Runnings,1993
865,The Running Man,1987
866,Finding Neverland,2004
867,Sliver,1993
869,Planet of the Apes,2001
871,Planet of the Apes,1968
872,Singin' in the Rain,1952
873,The Color Purple,1985
874,A Man for All Seasons,1966
877,Scarface,1932
879,Hook,1991
881,A Few Good Men,1992
884,Crash,1996
888,The Flintstones,1994
889,The Flintstones in Viva Rock Vegas,2000
891,All the President's Men,1976
892,Delicatessen,1991
900,Bringing Up Baby,1938
901,City Lights,1931
902,The City of Lost Children,1995
903,Cool Hand Luke,1967
907,Doctor Zhivago,1965
910,The Big Sleep,1946
912,The Thomas Crown Affair,1968
913,The Thomas Crown Affair,1999
914,The Great Dictator,1940
916,Bullitt,1968
918,Blind Date,1987
920,Cars,2006
921,Cinderella Man,2005
922,Dead Man,1995
923,Dawn of the Dead,1978
924,Dawn of the Dead,2004
925,Do the Right Thing,1989
926,Galaxy Quest,1999
927,Gremlins,1984
928,Gremlins 2: The New Batch,1990
929,Godzilla,1998
931,Don't Look Now,1973
935,Dr. Strangelove or: How I Learned to Stop Worrying and Love the Bomb,1964
936,The Pink Panther,1963
938,For a Few Dollars More,1965
939,The Jazz Singer,1927
940,The Lady Vanishes,1938
941,Lethal Weapon,1987
942,Lethal Weapon 2,1989
943,Lethal Weapon 3,1992
944,Lethal Weapon 4,1998
947,Lawrence of Arabia,1962
948,Halloween,1978
949,Heat,1995
950,Ice Age: The Meltdown,2006
951,Kindergarten Cop,1990
953,Madagascar,2005
954,Mission: Impossible,1996
955,Mission: Impossible II,2000
956,Mission: Impossible III,2006
957,Spaceballs,1987
961,The General,1926
962,The Gold Rush,1925
963,The Maltese Falcon,1941
966,The Magnificent Seven,1960
967,Spartacus,1960
968,Dog Day Afternoon,1975
975,Paths of Glory,1957
976,Sweet Smell of Success,1957
978,Seven Years in Tibet,1997
979,Irreversible,2002
981,The Philadelphia Story,1940
982,The Manchurian Candidate,1962
984,Dirty Harry,1971
985,Eraserhead,1977
990,The Hustler,1961
991,The Man Who Fell to Earth,1976
994,Straw Dogs,1971
995,Stagecoach,1939
996,Double Indemnity,1944
1018,Mulholland Drive,2001
1040,The Leopard,1963
1049,Sommersby,1993
1051,The French Connection,1971
1052,Blow-Up,1966
1058,Breathless,1983
1059,The Hidden Fortress,1958
1073,Arlington Road,1999
1089,Point Break,1991
1090,The Thirteenth Floor,1999
1091,The Thing,1982
1092,The Third Man,1949
1103,Escape from New York,1981
1116,The Wind That Shakes the Barley,2006
1124,The Prestige,2006
1164,Babel,2006
1165,The Queen,2006
1213,The Talented Mr. Ripley,1999
1245,The Remains of the Day,1993
1246,Rocky Balboa,2006
1247,The Good Shepherd,2006
1249,Hollywoodland,2006
1250,Ghost Rider,2007
1251,Letters from Iwo Jima,2006
1255,The Host,2006
1259,Notes on a Scandal,2006
1265,Bridge to Terabithia,2007
1266,Street Kings,2008
1267,Meet the Robinsons,2007
1268,Mr. Bean's Holiday,2007
1271,300,2007
1272,Sunshine,2007
1273,TMNT,2007
1278,The Dreamers,2003
1280,3-Iron,2004
1281,Bean,1997
1359,American Psycho,2000
1360,Frida,2002
1362,The Hobbit,1977
1364,Sex and Lucía,2001
1365,Monster's Ball,2001
1366,Rocky,1976
1367,Rocky II,1979
1368,First Blood,1982
1369,Rambo: First Blood Part II,1985
1370,Rambo III,1988
1371,Rocky III,1982
1372,Blood Diamond,2006
1374,Rocky IV,1985
1375,Rocky V,1990
1378,Shortbus,2006
1381,The Fountain,2006
1389,Out of Sight,1998
1391,Y Tu Mamá También,2001
1394,Nostalgia,1983
1396,Mirror,1975
1398,Stalker,1979
1402,The Pursuit of Happyness,2006
1406,City Slickers,1991
1408,Cutthroat Island,1995
1410,Dark Star,1974
1412,"sex, lies, and videotape",1989
1417,Pan's Labyrinth,2006
1420,Breakfast on Pluto,2005
1422,The Departed,2006
1427,Perfume: The Story of a Murderer,2006
1428,Once Upon a Time in Mexico,2003
1429,25th Hour,2002
1439,Anna and the King,1999
1440,Little Children,2006
1441,The Contract,2006
1443,The Virgin Suicides,2000
1452,Superman Returns,2006
1480,Touch of Evil,1958
1487,Hellboy,2004
1491,The Illusionist,2006
1492,1492: Conquest of Paradise,1992
1493,Miss Congeniality,2000
1494,Curse of the Golden Flower,2006
1495,Kingdom of Heaven,2005
1497,Teenage Mutant Ninja Turtles II: The Secret of the Ooze,1991
1498,Teenage Mutant Ninja Turtles,1990
1499,Teenage Mutant Ninja Turtles III,1993
1523,The Last King of Scotland,2006
1534,Pathfinder,2007
1535,Spy Game,2001
1537,Changing Lanes,2002
1538,Collateral,2004
1541,Thelma & Louise,1991
1542,Office Space,1999
1544,Imagine Me & You,2006
1547,The Lost Boys,1987
1548,Ghost World,2001
1551,Flatliners,1990
1562,28 Weeks Later,2007
1571,Live Free or Die Hard,2007
1572,Die Hard: With a Vengeance,1995
1573,Die Hard 2,1990
1574,Chicago,2002
1576,Resident Evil,2002
1577,Resident Evil: Apocalypse,2004
1578,Raging Bull,1980
1579,Apocalypto,2006
1580,Rope,1948
1581,The Holiday,2006
1584,School of Rock,2003
1585,It's a Wonderful Life,1946
1586,Secret Window,2004
1587,What's Eating Gilbert Grape,1993
1588,Bring It On,2000
1592,Primal Fear,1996
1593,Night at the Museum,2006
1597,Meet the Parents,2000
1598,Cape Fear,1991
1600,The Double Life of Véronique,1991
1607,A Bronx Tale,1993
1620,Hitman,2007
1621,Trading Places,1983
1624,Liar Liar,1997
1630,The People vs. Larry Flynt,1996
1631,A Real Young Girl,1999
1632,Mississippi Burning,1988
1633,Fried Green Tomatoes,1991
1634,Free Willy,1993
1635,The Island,2005
1636,Bedazzled,2000
1637,Speed,1994
1639,Speed 2: Cruise Control,1997
1640,Crash,2005
1641,Forces of Nature,1999
1642,The Net,1995
1643,Last Tango in Paris,1972
1644,The Vanishing,1993
1645,A Time to Kill,1996
1646,Freedom Writers,2007
1647,The Recruit,2003
1648,Bill & Ted's Excellent Adventure,1989
1649,Bill & Ted's Bogus Journey,1991
1654,The Dirty Dozen,1967
1656,The Legend of Zorro,2005
1669,The Hunt for Red October,1990
1672,The Professional,1981
1677,Ray,2004
1678,Godzilla,1954
1679,Godzilla Raids Again,1955
1680,King Kong vs. Godzilla,1962
1682,Mothra vs. Godzilla,1964
1683,The Reaping,2007
1685,Beneath the Planet of the Apes,1970
1687,Escape from the Planet of the Apes,1971
1688,Conquest of the Planet of the Apes,1972
1690,Hostel,2006
1691,Hostel: Part II,2007
1694,Re-Animator,1985
1696,The Devil's Rejects,2005
1700,Misery,1990
1701,Con Air,1997
1705,Battle for the Planet of the Apes,1973
1710,Copycat,1995
1712,Giant,1956
1714,Fahrenheit 451,1966
1715,The Cider House Rules,1999
1724,The Incredible Hulk,2008
1725,West Side Story,1961
1726,Iron Man,2008
1727,Bird on a Wire,1990
1729,The Forbidden Kingdom,2008
1730,Inland Empire,2006
1734,The Mummy Returns,2001
1735,The Mummy: Tomb of the Dragon Emperor,2008
1738,Next,2007
1771,Captain America: The First Avenger,2011
1786,Au Revoir les Enfants,1987
1788,Footloose,1984
1791,The Piano Teacher,2001
1792,Stuck on You,2003
1807,Elephant,2003
1811,Nowhere,1997
1813,The Devil's Advocate,1997
1817,Phone Booth,2003
1819,"You, Me and Dupree",2006
1824,50 First Dates,2004
1825,Over the Top,1987
1830,Lord of War,2005
1832,Dogma,1999
1833,Rent,2005
1844,Entrapment,1999
1847,The Long Goodbye,1973
1852,World Trade Center,2006
1857,The Transformers: The Movie,1986
1858,Transformers,2007
1865,Pirates of the Caribbean: On Stranger Tides,2011
1878,Fear and Loathing in Las Vegas,1998
1880,Red Dawn,1984
1883,Malcolm X,1992
1884,The Ewok Adventure,1984
1885,The Karate Kid,1984
1887,Marie Antoinette,2006
1891,The Empire Strikes Back,1980
1892,Return of the Jedi,1983
1893,Star Wars: Episode I - The Phantom Menace,1999
1894,Star Wars: Episode II - Attack of the Clones,2002
1895,Star Wars: Episode III - Revenge of the Sith,2005
1900,Traffic,2000
1902,Open Your Eyes,1997
1903,Vanilla Sky,2001
1904,Memoirs of a Geisha,2005
1907,The Beach,2000
1909,Don Juan DeMarco,1994
1911,The 13th Warrior,1999
1921,Sweet November,2001
1923,Twin Peaks: Fire Walk with Me,1992
1924,Superman,1978
1927,Hulk,2003
1930,The Amazing Spider-Man,2012
1931,Stomp the Yard,2007
1933,The Others,2001
1934,Shakespeare in Love,1998
1936,River of No Return,1954
1939,Laura,1944
1941,Exodus,1960
1946,eXistenZ,1999
1947,An Unfinished Life,2005
1948,Crank,2006
1949,Zodiac,2007
1954,The Butterfly Effect,2004
1955,The Elephant Man,1980
1957,Enough,2002
1965,A Perfect Murder,1998
1966,Alexander,2004
1968,Fools Rush In,1997
1969,Bandidas,2006
1970,The Grudge,2004
1975,The Grudge 2,2006
1977,The Grudge 3,2009
1979,Fantastic Four: Rise of the Silver Surfer,2007
1985,The Constant Gardener,2005
1989,My Blueberry Nights,2007
1991,Death Proof,2007
1992,Planet Terror,2007
1994,The Most Dangerous Game,1932
1995,Lara Croft: Tomb Raider,2001
1996,Lara Croft: Tomb Raider - The Cradle of Life,2003
2001,We Own the Night,2007
2003,Anatomy of Hell,2004
2005,Sister Act,1992
2008,The Promise,2005
2011,Persepolis,2007
2013,The Diving Bell and the Butterfly,2007
2018,The Wedding Planner,2001
2019,Hard Target,1993
2020,The Bachelor,1999
2022,Mr. Deeds,2002
2023,Hidalgo,2004
2024,The Patriot,2000
2026,Hostage,2005
2028,Say Anything...,1989
2034,Training Day,2001
2039,Moonstruck,1987
2043,Along Came a Spider,2001
2044,The Lake House,2006
2046,The Gift,2000
2048,"I, Robot",2004
2054,Mr. Holland's Opus,1995
2055,Open Range,2003
2056,The Station Agent,2003
2057,Original Sin,2001
2059,National Treasure,2004
2061,Pusher,1996
2062,Ratatouille,2007
2064,While You Were Sleeping,1995
2067,Mission to Mars,2000
2069,The Whole Nine Yards,2000
2082,Halloween,2007
2085,Romeo Must Die,2000
2087,The Getaway,1994
2099,Raw Deal,1986
2100,The Last Castle,2001
2105,American Pie,1999
2108,The Breakfast Club,1985
2109,Rush Hour,1998
2110,Wasabi,2001
2112,Payback,1999
2114,Final Fantasy: The Spirits Within,2001
2116,Out of Time,2003
2118,L.A. Confidential,1997
2119,Days of Thunder,1990
2122,The Whole Ten Yards,2004
2123,"Me, Myself & Irene",2000
2124,Color of Night,1994
2133,The Perfect Storm,2000
2134,The Time Machine,1960
2135,The Time Machine,2002
2140,Kiss of the Dragon,2001
2142,Cop Land,1997
2148,The Cotton Club,1984
2149,Body of Evidence,1993
2153,The Driver,1978
2155,Reindeer Games,2000
2157,Lost in Space,1998
2163,Breakdown,1997
2164,Stargate,1994
2176,The Glass House,2001
2179,Tenacious D in The Pick of Destiny,2006
2196,Death at a Funeral,2007
2204,Alice in the Cities,1974
2207,16 Blocks,2006
2246,Malice,1993
2251,Unfaithful,2002
2252,Eastern Promises,2007
2253,Valkyrie,2008
2259,The House of the Spirits,1993
2268,The Golden Compass,2007
2269,Day Watch,2006
2270,Stardust,2007
2275,The General's Daughter,1999
2277,Bicentennial Man,1999
2280,Big,1988
2288,Closer,2004
2289,Cold Mountain,2003
2291,Jacob's Ladder,1990
2293,Mallrats,1995
2294,Jay and Silent Bob Strike Back,2001
2300,Space Jam,1996
2309,Inkheart,2008
2310,Beowulf,2007
2312,In the Name of the King: A Dungeon Siege Tale,2007
2313,Prime,2005
2320,Executive Decision,1996
2321,Married to the Mob,1988
2322,Sneakers,1992
2323,Field of Dreams,1989
2330,Taxi,1998
2332,Taxi 2,2000
2334,Taxi 3,2003
2335,Taxi 4,2007
2362,Westworld,1973
2383,The Bear,1988
2395,Asterix at the Olympic Games,2008
2405,Joseph,1995
2428,The Greatest Story Ever Told,1965
2453,Harley Davidson and the Marlboro Man,1991
2454,The Chronicles of Narnia: Prince Caspian,2008
2470,Belle Époque,1992
2486,Eragon,2006
2487,Lady Snowblood,1973
2493,The Princess Bride,1987
2501,The Bourne Identity,2002
2502,The Bourne Supremacy,2004
2503,The Bourne Ultimatum,2007
2517,Nobody Knows,2004
2525,The Bible: In the Beginning...,1966
2565,Joe Versus the Volcano,1990
2567,The Aviator,2004
2604,Born on the Fourth of July,1989
2605,Short Circuit,1986
2609,"Planes, Trains and Automobiles",1987
2614,Innerspace,1987
2616,Uncle Buck,1989
2619,Splash,1984
2621,Return to Me,2000
2623,An Officer and a Gentleman,1982
2636,The Specialist,1994
2637,The Mothman Prophecies,2002
2639,Deconstructing Harry,1997
2640,Heathers,1988
2642,Two Weeks Notice,2002
2649,The Game,1997
2652,Hard Candy,2005
2654,In the Mouth of Madness,1995
2655,What Lies Beneath,2000
2657,Pleasantville,1998
2661,Batman,1966
2662,House of 1000 Corpses,2003
2665,Airplane II: The Sequel,1982
2666,Dark City,1998
2667,The Blair Witch Project,1999
2668,Sleepy Hollow,1999
2669,The Bounty,1984
2671,Ring,1998
2675,Signs,2002
2690,Irma la Douce,1963
2698,Evan Almighty,2007
2742,Naked Lunch,1991
2756,The Abyss,1989
2757,Adaptation.,2002
2758,Addams Family Values,1993
2759,"The Adventures of Priscilla, Queen of the Desert",1994
2761,Secret Agent,1936
2768,American Gigolo,1980
2770,American Pie 2,2001
2779,The Curse of the Jade Scorpion,2001
2786,Pierrot le Fou,1965
2787,Pitch Black,2000
2789,The Chronicles of Riddick,2004
2800,Rumor Has It...,2005
2832,Identity,2003
2841,A Very Long Engagement,2004
2897,Around the World in Eighty Days,1956
2898,As Good as It Gets,1997
2899,Asterix & Obelix: Mission Cleopatra,2002
2907,The Addams Family,1991
2924,Backdraft,1991
2925,The First Wives Club,1996
2926,The Three Musketeers,1973
2928,Michael,1996
2976,Hairspray,2007
2977,Becoming Jane,2007
2978,Ghostbusters II,1989
3001,How to Steal a Million,1966
3009,The Trial,1962
3021,1408,2007
3034,Young Frankenstein,1974
3035,Frankenstein,1931
3036,Mary Shelley's Frankenstein,1994
3049,Ace Ventura: Pet Detective,1994
3050,Doctor Dolittle,1998
3053,The Fearless Vampire Killers,1967
3078,It Happened One Night,1934
3080,Top Hat,1935
3082,Modern Times,1936
3083,Mr. Smith Goes to Washington,1939
3085,His Girl Friday,1940
3089,Red River,1948
3090,The Treasure of the Sierra Madre,1948
3093,Basic Instinct 2,2006
3110,Shane,1953
3112,The Night of the Hunter,1955
3114,The Searchers,1956
3115,"Ebirah, Horror of the Deep",1966
3116,Midnight Cowboy,1969
3131,Gangs of New York,2002
3134,Baise-moi,2000
3160,Frankenstein Conquers the World,1965
3170,Bambi,1942
3172,Bandits,2001
3175,Barry Lyndon,1975
3176,Battle Royale,2000
3179,Beavis and Butt-Head Do America,1996
3432,Mr. Brooks,2007
3482,The Train,1964
3489,88 Minutes,2007
3512,Under Siege 2: Dark Territory,1995
3513,Legionnaire,1998
3525,Working Girl,1988
3527,Don't Come Knocking,2005
3536,U-571,2000
3558,"Girl, Interrupted",1999
3563,I Now Pronounce You Chuck & Larry,2007
3573,Emma,1996
3580,Changeling,2008
3594,The Number 23,2007
3595,Ransom,1996
3596,Things to Come,1936
3597,I Know What You Did Last Summer,1997
3600,I Still Know What You Did Last Summer,1998
3602,I'll Always Know What You Did Last Summer,2006
3604,Flash Gordon,1980
3635,Girl with a Pearl Earring,2003
3638,No Reservations,2007
3682,54,1998
3683,Flags of Our Fathers,2006
3767,Gilda,1946
3777,Throne of Blood,1957
3780,Red Beard,1965
3782,Ikiru,1952
3784,Frankie and Johnny,1991
3933,Corpse Bride,2005
3980,Critters,1986
3981,What Women Want,2000
4011,Beetlejuice,1988
4012,The Believer,2001
4031,Going Places,1974
4032,My Girl,1991
4104,Benny & Joon,1993
4105,Black Rain,1989
4108,The Transporter,2002
4133,Blow,2001
4141,Shoot 'Em Up,2007
4147,Road to Perdition,2002
4148,Revolutionary Road,2008
4174,Spellbound,1945
4176,Murder on the Orient Express,1974
4192,Death on the Nile,1978
4193,Evil Under the Sun,1982
4226,Shriek If You Know What I Did Last Friday the Thirteenth,2000
4232,Scream,1996
4233,Scream 2,1997
4234,Scream 3,2000
4241,Visitor Q,2001
4244,The Kid,2000
4247,Scary Movie,2000
4248,Scary Movie 2,2001
4251,Veer-Zaara,2004
4254,Kal Ho Naa Ho,2003
4255,The Party at Kitty and Stud's,1970
4256,Scary Movie 3,2003
4257,Scary Movie 4,2006
4258,Scary Movie 5,2013
4291,Kikujiro,1999
4327,Charlie's Angels,2000
4347,Atonement,2007
4348,Pride & Prejudice,2005
4349,The Kingdom,2007
4379,Monster-in-Law,2005
4380,Shall We Dance?,2004
4421,G.I. Jane,1997
4437,2010,1984
4442,The Brothers Grimm,2005
4464,Seabiscuit,2003
4474,My Super Ex-Girlfriend,2006
4476,Legends of the Fall,1994
4477,The Devil's Own,1997
4478,Indecent Proposal,1993
4481,Manon of the Spring,1986
4488,Friday the 13th,1980
4507,Jamon Jamon,1992
4512,The Assassination of Jesse James by the Coward Robert Ford,2007
4513,30 Days of Night,2007
4517,Elizabeth: The Golden Age,2007
4518,Elizabeth,1998
4523,Enchanted,2007
4538,The Darjeeling Limited,2007
4543,Monty Python's The Meaning of Life,1983
4546,The Count of Monte-Cristo,1975
4547,Panic Room,2002
4550,Lady Vengeance,2005
4551,Be Cool,2005
4552,A Tale of Two Sisters,2003
4553,The Machinist,2004
4561,The Story of O,1975
4564,Sex and the City,2008
4566,Michael Clayton,2007
4584,Sense and Sensibility,1995
4587,Mermaids,1990
4588,"Lust, Caution",2007
4597,Armored,2009
4614,The Sum of All Fears,2002
4638,Hot Fuzz,2007
4643,The Guardian,2006
4688,Across the Universe,2007
4689,Sympathy for Mr. Vengeance,2002
4708,Is Paris Burning?,1966
4710,Masculin Féminin,1966
4727,Le Gendarme de Saint-Tropez,1964
4771,Gone Baby Gone,2007
4806,Runaway Bride,1999
4808,Charade,1963
4816,Ghost Dog: The Way of the Samurai,1999
4823,Final Analysis,1992
4824,The Jackal,1997
4836,Layer Cake,2004
4858,The Invasion,2007
4909,The Day of the Jackal,1973
4917,A Boy and His Dog,1975
4922,The Curious Case of Benjamin Button,2008
4923,Zardoz,1974
4929,Hang 'em High,1968
4935,Howl's Moving Castle,2004
4944,Burn After Reading,2008
4946,The Swimming Pool,1969
4951,10 Things I Hate About You,1999
4952,Pillow Talk,1959
4954,Drop Zone,1994
4958,The Legend of Bagger Vance,2000
4959,The International,2009
4960,"Synecdoche, New York",2008
4961,Mimic,1997
4964,Knocked Up,2007
4970,Gothika,2003
4977,Paprika,2006
4978,An American Tail,1986
4982,American Gangster,2007
4985,The Longest Yard,1974
4995,Boogie Nights,1997
5000,Forbidden Games,1952
5038,Vicky Cristina Barcelona,2008
5065,Carry On Cowboy,1965
5070,How Much Do You Love Me?,2005
5072,Severance,2006
5121,The Sugarland Express,1974
5123,August Rush,2007
5137,Sky Captain and the World of Tomorrow,2004
5143,Hannah and Her Sisters,1986
5156,Bicycle Thieves,1948
5172,The Astronaut Farmer,2007
5174,Rush Hour 3,2007
5175,Rush Hour 2,2001
5176,3:10 to Yuma,2007
5203,Wild Orchid,1989
5236,Kiss Kiss Bang Bang,2005
5241,Two Moon Junction,1988
5245,Fast Lane to Malibu,2000
5255,The Polar Express,2004
5279,Gosford Park,2001
5289,Chaos,2005
5336,"Salò, or the 120 Days of Sodom",1976
5375,Fred Claus,2007
5486,A Bay of Blood,1971
5492,Gunner,2024
5503,The Fugitive,1993
5511,Le Samouraï,1967
5528,The Chorus,2004
5544,Hiroshima Mon Amour,1959
5548,RoboCop,1987
5549,RoboCop 2,1990
5550,RoboCop 3,1993
5551,Space Cowboys,2000
5559,Bee Movie,2007
5636,Treasure of Silver Lake,1962
5680,Elvira: Mistress of the Dark,1988
5683,Pee-wee's Big Adventure,1985
5689,The Blue Lagoon,1980
5693,Hoosiers,1986
5721,Vixen!,1968
5781,That Obscure Object of Desire,1977
5820,The Sentinel,2006
5825,National Lampoon's Christmas Vacation,1989
5833,Casper's Haunted Christmas,2000
5851,Showtime,2002
5871,The World Is Big and Salvation Lurks Around the Corner,2008
5876,The Mist,2007
5879,In the Realm of the Senses,1976
5902,A Bridge Too Far,1977
5915,Into the Wild,2007
5919,The Towering Inferno,1974
5924,Papillon,1973
5925,The Great Escape,1963
5955,The Pledge,2001
5966,Along Came Polly,2004
5967,The Umbrellas of Cherbourg,1964
5968,The Woman in Red,1984
5971,We're No Angels,1989
5994,The Family Man,2000
6003,Romeo and Juliet,1968
6020,Sorority Boys,2002
6023,P.S. I Love You,2007
6028,The Mirror Crack'd,1980
6038,Shanghai Knights,2003
6068,Six Days Seven Nights,1998
6069,The Witches of Eastwick,1987
6072,One Eight Seven,1997
6073,The Mexican,2001
6075,Carlito's Way,1993
6081,Revenge of the Pink Panther,1978
6114,Bram Stoker's Dracula,1992
6145,Fracture,2007
6171,Dreamcatcher,2003
6217,Cat People,1982
6278,Reign of Fire,2002
6279,Sister Act 2: Back in the Habit,1993
6280,Junior,1994
6282,Coyote Ugly,2000
6283,MouseHunt,1997
6312,Brotherhood of the Wolf,2001
6399,Who Finds a Friend Finds a Treasure,1981
6404,Nosferatu the Vampyre,1979
6415,Three Kings,1999
6435,Practical Magic,1998
6439,Racing Stripes,2005
6466,Freddy vs. Jason,2003
6477,Alvin and the Chipmunks,2007
6479,I Am Legend,2007
6499,Turbo: A Power Rangers Movie,1997
6519,The Dukes of Hazzard,2005
6520,First Knight,1995
6522,Life,1999
6537,The Orphanage,2007
6538,Charlie Wilson's War,2007
6557,27 Dresses,2008
6575,Walk Hard: The Dewey Cox Story,2007
6589,Underdog,2007
6609,Keoma,1976
6615,Lars and the Real Girl,2007
6619,Death in Venice,1971
6620,Sabrina,1954
6623,The Peacemaker,1997
6637,National Treasure: Book of Secrets,2007
6644,El Dorado,1966
6646,Treasure Island,1950
6723,The Rookie,1990
6795,Zathura: A Space Adventure,2005
6844,The Ten Commandments,1956
6877,Failure to Launch,2006
6878,Homeward Bound: The Incredible Journey,1993
6933,One Missed Call,2008
6947,The Village,2004
6948,The Woods,2006
6950,Outbreak,1995
6951,Turner & Hooch,1989
6957,The 40 Year Old Virgin,2005
6961,The Wedding Date,2005
6964,Something's Gotta Give,2003
6972,Australia,2008
6973,In the Valley of Elah,2007
6977,No Country for Old Men,2007
6978,Big Trouble in Little China,1986
6984,Home Movies,1980
7007,Rising Sun,1993
7012,The Day After,1983
7090,Ken Park,2003
7095,Jack,1996
7131,Van Helsing,2004
7182,Venom,2005
7183,Perfect Stranger,2007
7191,Cloverfield,2008
7211,Dan in Real Life,2007
7214,Coach Carter,2005
7220,The Punisher,2004
7229,Ruby & Quentin,2003
7278,Meet the Spartans,2008
7291,36th Precinct,2004
7299,Equilibrium,2002
7300,One Fine Day,1996
7303,Maid in Manhattan,2002
7304,Running Scared,2006
7305,Alive,1993
7326,Juno,2007
7340,Carrie,1976
7341,The Rage: Carrie 2,1999
7342,Carrie,2002
7345,There Will Be Blood,2007
7347,Elite Squad,2007
7350,The Bucket List,2007
7364,Sahara,2005
7442,Sleeping with the Enemy,1991
7443,Chicken Run,2000
7445,Brothers,2009
7446,Tropic Thunder,2008
7450,Titan A.E.,2000
7451,xXx,2002
7452,"The Cook, the Thief, His Wife & Her Lover",1989
7453,The Hitchhiker's Guide to the Galaxy,2005
7457,Alpha Dog,2006
7459,Speed Racer,2008
7461,Vantage Point,2008
7484,Open Season,2006
7485,Shooter,2007
7500,Sonatine,1993
7508,Like Stars on Earth,2007
7512,Idiocracy,2006
7516,Smokin' Aces,2006
7518,Over the Hedge,2006
7520,Cocktail,1988
7549,Fearless,2006
7551,Déjà Vu,2006
7552,Fun with Dick and Jane,2005
7553,Waiting...,2005
7555,Rambo,2008
7735,The Wave,2008
7839,Wedding Daze,2006
7840,"10,000 BC",2008
7874,Black Snake Moan,2006
7972,Before the Devil Knows You're Dead,2007
7978,The Wolfman,2010
7979,The Kite Runner,2007
7980,The Lovely Bones,2009
7984,In the Name of the Father,1993
7985,Penelope,2006
8005,Robin Hood: Men in Tights,1993
8007,Behind Enemy Lines,2001
8009,Highlander,1986
8012,Get Shorty,1995
8051,Punch-Drunk Love,2002
8054,The Imaginarium of Doctor Parnassus,2009
8055,The Reader,2008
8065,21,2008
8066,Stay,2005
8068,Desperado,1995
8069,Barbarella,1968
8072,Alphaville,1965
8077,Alien³,1992
8078,Alien Resurrection,1997
8079,Om Shanti Om,2007
8088,Broken Embraces,2009
8092,This Boy's Life,1993
8095,Cleopatra,1963
8193,Napoleon Dynamite,2004
8195,Ronin,1998
8202,Æon Flux,2005
8204,The Spiderwick Chronicles,2008
8222,High Heels,1991
8224,8MM,1999
8247,Jumper,2008
8265,Welcome to the Sticks,2008
8271,Disturbia,2007
8273,American Wedding,2003
8274,American Pie Presents: Band Camp,2005
8275,American Pie Presents: The Naked Mile,2006
8277,American Pie Presents: Beta House,2007
8285,The Spirit,2008
8289,Gorky Park,1983
8290,Don't Look Now... We're Being Shot At!,1966
8291,Poetic Justice,1993
8292,Four Brothers,2005
8293,Howards End,1992
8321,In Bruges,2008
8326,Holes,2003
8327,The Holy Mountain,1973
8328,Step Up 2: The Streets,2008
8329,[REC],2007
8337,They Live,1988
8346,My Big Fat Greek Wedding,2002
8348,Thunderbolt and Lightfoot,1974
8355,Ice Age: Dawn of the Dinosaurs,2009
8358,Cast Away,2000
8363,Superbad,2007
8366,Manitou's Shoe,2001
8367,Robin Hood: Prince of Thieves,1991
8373,Transformers: Revenge of the Fallen,2009
8374,The Boondock Saints,1999
8386,How High,2001
8388,¡Three Amigos!,1986
8390,"Definitely, Maybe",2008
8391,When Night Is Falling,1995
8392,My Neighbor Totoro,1988
8393,The Gods Must Be Crazy,1980
8398,The Hitcher,2007
8408,Day of the Dead,1985
8409,A Man Apart,2003
8413,Event Horizon,1997
8420,...And God Created Woman,1956
8422,Rocco and His Brothers,1960
8438,Murder in the First,1995
8452,The 6th Day,2000
8453,Fanaa,2006
8456,Never Back Down,2008
8461,Funny Games,2008
8467,Dumb and Dumber,1994
8469,Animal House,1978
8470,John Q,2002
8487,Wild Wild West,1999
8488,Hitch,2005
8489,Ali,2001
8512,Devil in a Blue Dress,1995
8536,Superman II,1980
8555,Creep,2004
8583,Dangerous Beauty,1998
8584,Shanghai Noon,2000
8587,The Lion King,1994
8592,Dick Tracy,1990
8617,Prom Night,2008
8619,Master and Commander: The Far Side of the World,2003
8643,The Exorcism of Emily Rose,2005
8645,The Happening,2008
8649,Bringing Out the Dead,1999
8653,The Isle,2000
8656,Deep Impact,1998
8665,K-19: The Widowmaker,2002
8675,Orgazmo,1998
8676,Fool's Gold,2008
8681,Taken,2008
8688,Snake Eyes,1998
8689,Cannibal Holocaust,1980
8697,Who Am I?,1998
8698,The League of Extraordinary Gentlemen,2003
8699,Anchorman: The Legend of Ron Burgundy,2004
8738,The Final Countdown,1980
8741,The Thin Red Line,1998
8748,Eagle vs Shark,2007
8764,Top Secret!,1984
8769,Christine,1983
8810,Mad Max 2,1981
8814,Doom,2005
8827,99 Francs,2007
8831,Timecop,1994
8833,Double Trouble,1984
8834,Conspiracy Theory,1997
8835,Legally Blonde,2001
8836,The X Files: I Want to Believe,2008
8838,Mercury Rising,1998
8839,Casper,1995
8840,DragonHeart,1996
8843,The Cell,2000
8844,Jumanji,1995
8845,Under Siege,1992
8848,The Bank Job,2008
8849,Alfie,2004
8850,The Shadow,1994
8851,The Blob,1958
8852,Prince of Darkness,1987
8856,The Karate Kid Part II,1986
8859,"Dude, Where's My Car?",2000
8867,The Punisher,1989
8869,Eight Legged Freaks,2002
8871,How the Grinch Stole Christmas,2000
8872,Wayne's World,1992
8873,Wayne's World 2,1993
8874,My Best Friend's Wedding,1997
8875,Timber Falls,2007
8879,Pale Rider,1985
8880,Che: Part Two,2008
8881,Che: Part One,2008
8909,Wanted,2008
8913,Pet Sematary,1989
8914,Deep Blue Sea,1999
8916,Antz,1998
8920,Garfield,2004
8922,Jeepers Creepers,2001
8923,Green Street Hooligans,2005
8938,Tokyo!,2008
8939,Tulpan,2009
8953,Steamboy,2004
8960,Hancock,2008
8961,Bad Boys II,2003
8963,Crimson Tide,1995
8965,Atlantis: Milo's Return,2003
8966,Twilight,2008
8967,The Tree of Life,2011
8968,Boogeyman,2005
8974,The War of the Worlds,1953
8975,The Marine,2006
8978,Assault on Precinct 13,2005
8982,The Protector,2005
8984,Disclosure,1994
8986,Milk Money,1994
8987,The River Wild,1994
8997,Hollow Man II,2006
8998,Friends with Money,2006
9003,Hellraiser,1987
9007,Just Like Heaven,2005
9008,The Insider,1999
9013,Midnight Run,1988
9016,Treasure Planet,2002
9021,The Santa Clause 2,2002
9023,Spirit: Stallion of the Cimarron,2002
9028,The Great Silence,1968
9029,What Happens in Vegas,2008
9030,The Eye,2008
9032,Big Daddy,1999
9035,Slither,2006
9036,Eight Below,2006
9037,Grease 2,1982
9038,The Heartbreak Kid,2007
9040,Serpico,1973
9042,The Cave,2005
9051,10,1979
9053,DOA: Dead or Alive,2006
9056,Police Story,1985
9059,Tales from the Crypt: Demon Knight,1995
9060,Dumplings,2004
9062,Love Story,1970
9064,Hellbound: Hellraiser II,1988
9067,Tank Girl,1995
9070,Mighty Morphin Power Rangers: The Movie,1995
9072,Little Man,2006
9073,Free Willy 2: The Adventure Home,1995
9074,The Man,2005
9075,Black Book,2006
9078,The Sword in the Stone,1963
9086,Young Guns II,1990
9090,"To Wong Foo, Thanks for Everything! Julie Newmar",1995
9092,Snow White: A Tale of Terror,1997
9100,The Craft,1996
9101,Down Periscope,1996
9103,The Quest,1996
9208,Broken Arrow,1996
9255,Hot Shots! Part Deux,1993
9257,S.W.A.T.,2003
9264,Poison Ivy,1992
9266,Blue Crush,2002
9268,Eraser,1996
9270,Brick,2006
9271,Virtuosity,1995
9272,The Good Son,1993
9273,Ace Ventura: When Nature Calls,1995
9276,The Faculty,1998
9277,The Sting,1973
9279,Jingle All the Way,1996
9280,Femme Fatale,2002
9281,Witness,1985
9285,Road Trip,2000
9286,Final Destination 3,2006
9288,Dungeons & Dragons: Wrath of the Dragon God,2005
9289,The Longest Day,1962
9291,The Longest Yard,2005
9292,Hudson Hawk,1991
9293,John Tucker Must Die,2006
9294,Phenomenon,1996
9297,Monster House,2006
9298,Ali G Indahouse,2002
9303,Bound,1996
9312,Mortal Kombat,1995
9313,The Man in the Iron Mask,1998
9314,Nineteen Eighty-Four,1984
9315,Flightplan,2005
9316,Ong Bak,2003
9317,The Cabbage Soup,1981
9318,Asterix in Britain,1986
9319,The Last Boy Scout,1991
9320,The Avengers,1998
9322,La Femme Nikita,1990
9323,Ghost in the Shell,1995
9325,The Jungle Book,1967
9326,Romancing the Stone,1984
9327,The Nutty Professor,1996
9331,Clear and Present Danger,1994
9333,Last Man Standing,1996
9334,The Scorpion King,2002
9335,Transporter 2,2005
9336,Police Academy,1984
9339,Click,2006
9340,The Goonies,1985
9341,The Core,2003
9342,The Mask of Zorro,1998
9343,Fitzcarraldo,1982
9344,Kids,1995
9346,Risky Business,1983
9348,Species,1995
9349,Universal Soldier,1992
9350,Cliffhanger,1993
9352,EuroTrip,2004
9353,Nacho Libre,2006
9354,"Honey, I Shrunk the Kids",1989
9355,Mad Max Beyond Thunderdome,1985
9356,Look Who's Talking Too,1990
9357,One Hour Photo,2002
9358,Final Destination 2,2003
9359,Maverick,1994
9360,Anaconda,1997
9361,The Last of the Mohicans,1992
9362,Tremors,1990
9366,Donnie Brasco,1997
9367,El Mariachi,1993
9369,Asterix Conquers America,1994
9373,The Texas Chainsaw Massacre,2003
9374,Death Becomes Her,1992
9377,Ferris Bueller's Day Off,1986
9378,Thir13en Ghosts,2001
9381,Babylon A.D.,2008
9383,Hollow Man,2000
9384,Starsky & Hutch,2004
9385,The Twelve Tasks of Asterix,1976
9386,In the Line of Fire,1993
9387,Conan the Barbarian,1982
9388,Thank You for Smoking,2005
9389,Renaissance,2006
9390,Jerry Maguire,1996
9392,The Descent,2005
9394,They Call Me Trinity,1970
9395,Above the Law,1988
9396,Crocodile Dundee II,1988
9397,Evolution,2001
9398,Zoolander,2001
9399,Lionheart,1990
9404,Police Story 4: First Strike,1996
9405,Double Team,1997
9406,An American Werewolf in Paris,1997
9407,Red Corner,1997
9408,Surf's Up,2007
9410,Great Expectations,1998
9411,Fallen,1998
9414,The Man Who Knew Too Little,1997
9415,Murder at 1600,1997
9421,The Dinner Game,1998
9422,A Civil Action,1998
9423,Virus,1999
9425,Soldier,1998
9426,The Fly,1986
9427,The Full Monty,1997
9428,The Royal Tenenbaums,2001
9429,A Night at the Roxbury,1998
9430,Go,1999
9431,Bordello of Blood,1996
9433,The Edge,1997
9437,Kiss the Girls,1997
9440,Primary Colors,1998
9441,Stepmom,1998
9443,Chariots of Fire,1981
9444,Anastasia,1997
9445,Apt Pupil,1998
9446,Jungle 2 Jungle,1997
9447,Babe: Pig in the City,1998
9448,The Big Hit,1998
9449,The Borrowers,1997
9451,Election,1999
9453,Caligula,1979
9454,EverAfter,1998
9456,The Crow: Salvation,2000
9457,Deep Rising,1998
9461,Enter the Dragon,1973
9462,The Way of the Dragon,1972
9463,Vampire Hunter D,1985
9464,Buffalo '66,1998
9469,He Got Game,1998
9470,Kung Fu Hustle,2004
9471,Charlie's Angels: Full Throttle,2003
9472,DodgeBall: A True Underdog Story,2004
9473,"South Park: Bigger, Longer & Uncut",1999
9474,My Name Is Nobody,1973
9475,Scent of a Woman,1992
9476,A Knight's Tale,2001
9477,King Arthur,2004
9479,The Nightmare Before Christmas,1993
9480,Daredevil,2003
9481,The Bone Collector,1999
9482,Judge Dredd,1995
9486,Johnny English,2003
9487,A Bug's Life,1998
9488,Spy Kids 2: The Island of Lost Dreams,2002
9489,You've Got Mail,1998
9491,Blue Steel,1990
9493,Twins,1988
9494,Look Who's Talking,1989
9495,The Crow,1994
9502,Kung Fu Panda,2008
9504,Glengarry Glen Ross,1992
9506,Anger Management,2003
9509,Man on Fire,2004
9513,Garfield: A Tail of Two Kitties,2006
9516,Menace II Society,1993
9517,Bully,2001
9522,Wedding Crashers,2005
9529,Candyman,1992
9530,RV,2006
9531,Superman III,1983
9532,Final Destination,2000
9535,Analyze This,1999
9539,Martyrs,2008
9541,Jersey Girl,2004
9542,The Hitcher,1986
9543,Prince of Persia: The Sands of Time,2010
9544,FearDotCom,2002
9545,Sniper,1993
9549,The Right Stuff,1983
9550,House of Flying Daggers,2004
9552,The Exorcist,1973
9556,Darkman,1990
9558,King of New York,1990
9559,A Perfect World,1993
9560,A Walk in the Clouds,1995
9562,Timeline,2003
9563,Any Given Sunday,1999
9564,Asterix & Obelix Take on Caesar,1999
9566,The Fan,1996
9567,Tears of the Sun,2003
9569,Hard to Kill,1990
9570,The Black Hole,1979
9571,Dazed and Confused,1993
9574,Flubber,1997
9576,Tootsie,1982
9582,A Guy Thing,2003
9584,Convoy,1978
9585,Not Without My Daughter,1991
9587,Little Women,1994
9588,Quigley Down Under,1990
9589,Christiane F.,1981
9593,Last Action Hero,1993
9594,Double Impact,1991
9595,Hot Shots!,1991
9598,Babe,1995
9599,The Blob,1988
9600,Big Momma's House,2000
9602,Coming to America,1988
9603,Clueless,1995
9604,Red Heat,1988
9607,Super Mario Bros.,1993
9609,Of Mice and Men,1992
9610,Conan the Destroyer,1984
9611,Romy and Michele's High School Reunion,1997
9612,Coneheads,1993
9614,Happy Gilmore,1996
9615,The Fast and the Furious: Tokyo Drift,2006
9618,Tango & Cash,1989
9619,Dante's Peak,1997
9620,Paycheck,2003
9621,Elizabethtown,2005
9622,Beverly Hills Ninja,1997
9624,On Deadly Ground,1994
9625,The Glimmer Man,1996
9626,Red Sonja,1985
9631,The Negotiator,1998
9637,Scooby-Doo,2002
9638,Phantasm,1979
9641,Cheaper by the Dozen 2,2005
9645,Ghost Ship,2002
9647,Scrooged,1988
9651,Supergirl,1984
9654,The Italian Job,2003
9655,She's the Man,2006
9659,Mad Max,1979
9663,Starman,1984
9664,Flyboys,2006
9665,Glory,1989
9667,The Jacket,2005
9671,Crocodile Dundee,1986
9674,Ring 0,2000
9675,Sideways,2004
9676,The Black Dahlia,2006
9678,Little Nicky,2000
9679,Gone in Sixty Seconds,2000
9681,Casanova,2005
9682,Pulse,2006
9683,Bubble Boy,2001
9691,Assassins,1995
9693,Children of Men,2006
9694,One Missed Call,2003
9696,Ichi the Killer,2001
9697,Lady in the Water,2006
9701,North Country,2005
9702,Bound by Honor,1993
9703,The Last Legion,2007
9705,Swordfish,2001
9708,The Wicker Man,2006
9710,Allan Quatermain and the Lost City of Gold,1986
9711,Species III,2005
9714,Home Alone 3,1997
9715,Hope Floats,1998
9718,Talladega Nights: The Ballad of Ricky Bobby,2006
9722,Bewitched,2005
9725,Friday the 13th Part 2,1981
9726,A Good Year,2006
9728,Friday the 13th Part III,1982
9730,Friday the 13th: The Final Chapter,1984
9731,Friday the 13th: A New Beginning,1985
9732,The Lion King II: Simba's Pride,1998
9737,Bad Boys,1995
9738,Fantastic Four,2005
9739,Demolition Man,1993
9741,Unbreakable,2000
9745,Jack Frost,1998
9753,Three,2006
9757,Norbit,2007
9759,Cellular,2004
9760,Epic Movie,2007
9762,Step Up,2006
9763,Goal!,2005
9766,Gridiron Gang,2006
9767,The Break-Up,2006
9768,Cry-Baby,1990
9769,Lolita,1997
9772,Air Force One,1997
9778,Serendipity,2001
9779,The Sisterhood of the Traveling Pants,2005
9781,Detroit Rock City,1999
9787,Lords of Dogtown,2005
9788,Accepted,2006
9792,The Hills Have Eyes,2006
9793,The Hills Have Eyes 2,2007
9794,Employee of the Month,2006
9798,Enemy of the State,1998
9800,Philadelphia,1993
9801,Bridget Jones: The Edge of Reason,2004
9802,The Rock,1996
9804,Waterworld,1995
9806,The Incredibles,2004
9813,The Quiet,2005
9816,Save the Last Dance,2001
9820,The Parent Trap,1998
9822,Mighty Joe Young,1998
9823,Mortal Kombat: Annihilation,1997
9825,Lake Placid,1999
9829,United 93,2006
9833,The Phantom of the Opera,2004
9836,Happy Feet,2006
9837,The Prince of Egypt,1998
9846,To Live and Die in L.A.,1985
9869,Patriot Games,1992
9870,Forgetting Sarah Marshall,2008
9871,Ginger Snaps,2001
9872,Explorers,1985
9873,F/X,1986
9874,Cobra,1986
9876,Stop! Or My Mom Will Shoot,1992
9877,Urban Legend,1998
9879,Striptease,1996
9880,The Princess Diaries,2001
9882,The Siege,1998
9884,Collateral Damage,2002
9885,Wolf Creek,2005
9886,Johnny Mnemonic,1995
9889,Shallow Hal,2001
9890,The Stepford Wives,2004
9893,Sleepover,2004
9894,The Cable Guy,1996
9895,Man of the Year,2006
9896,Rat Race,2001
9902,Wrong Turn,2003
9904,The Wild,2006
9905,Shallow Grave,1994
9906,The Ant Bully,2006
9907,Barnyard,2006
9909,Dangerous Minds,1995
9910,Two for the Money,2005
9912,The World's Fastest Indian,2005
9913,The Skeleton Key,2005
9918,Glory Road,2006
9919,How to Lose a Guy in 10 Days,2003
9920,Ultraviolet,2006
9922,The Postman,1997
9928,Robots,2005
9942,Major League,1989
9944,The Pelican Brief,1993
9945,Vampires,1998
9946,End of Days,1999
9947,Elektra,2005
9948,The Fox and the Hound 2,2006
9952,Rescue Dawn,2007
9954,The Covenant,2006
9955,Blades of Glory,2007
9957,The Benchwarmers,2006
9963,Premonition,2007
9966,The Messengers,2007
9969,Deck the Halls,2006
9972,Lock Up,1989
9975,Curious George,2006
9978,Stormbreaker,2006
9980,Maximum Overdrive,1986
9981,Kicking & Screaming,2005
9982,Chicken Little,2005
9986,Charlotte's Web,2006
9989,Antitrust,2001
9991,Mean Machine,2001
9992,Arthur and the Invisibles,2006
9994,The Great Mouse Detective,1986
10007,See No Evil,2006
10009,Brother Bear,2003
10010,Brother Bear 2,2006
10012,Cursed,2005
10014,A Nightmare on Elm Street Part 2: Freddy's Revenge,1985
10015,Heartbreak Ridge,1986
10016,Ghosts of Mars,2001
10017,The Wraith,1986
10019,Mannequin,1987
10020,Beauty and the Beast,1991
10022,The Pacifier,2005
10023,Dragnet,1987
10024,My Sister's Keeper,2009
10025,Just My Luck,2006
10027,Unleashed,2005
10028,Honey,2003
10030,Good Luck Chuck,2007
10033,Just Friends,2005
10035,100 Girls,2000
10040,Miss Congeniality 2: Armed and Fabulous,2005
10044,My Lucky Stars,1985
10045,District B13,2004
10047,The Messenger: The Story of Joan of Arc,1999
10048,Stealth,2005
10052,Dragonfly,2002
10053,When a Stranger Calls,2006
10054,Spy Kids,2001
10057,The Three Musketeers,1993
10060,Get Rich or Die Tryin',2005
10061,Escape from L.A.,1996
10063,The Breed,2006
10065,The Amityville Horror,2005
10066,House of Wax,2005
10067,The Shaggy Dog,2006
10068,Nine 1/2 Weeks,1986
10069,Stay Alive,2006
10073,Date Movie,2006
10074,Hot Rod,2007
10083,No Way Out,1987
10086,Man Bites Dog,1992
10096,13 Going on 30,2004
10098,The Kid,1921
10110,Empire of the Sun,1987
10112,The Aristocats,1970
10122,Flight of the Navigator,1986
10126,Colors,1988
10127,Critters 2,1988
10131,A Nightmare on Elm Street 4: The Dream Master,1988
10134,Cyborg,1989
10135,Road House,1989
10136,The Golden Child,1986
10137,Stuart Little,1999
10138,Iron Man 2,2010
10139,Milk,2008
10140,The Chronicles of Narnia: The Voyage of the Dawn Treader,2010
10141,Dirty Rotten Scoundrels,1988
10142,Casualties of War,1989
10144,The Little Mermaid,1989
10145,The Forgotten,2004
10147,Bad Santa,2003
10150,The Last Unicorn,1982
10152,Dumb and Dumberer: When Harry Met Lloyd,2003
10153,Sphere,1998
10157,Police Academy 2: Their First Assignment,1985
10159,The Rundown,2003
10160,A Nightmare on Elm Street: The Dream Child,1989
10161,My Left Foot: The Story of Christy Brown,1989
10166,The Witches,1990
10167,Half Past Dead,2002
10170,The Russia House,1990
10172,Are We Done Yet?,2007
10173,Marked for Death,1990
10184,He's Just Not That Into You,2009
10185,The Midnight Meat Train,2008
10189,Pineapple Express,2008
10191,How to Train Your Dragon,2010
10192,Shrek Forever After,2010
10193,Toy Story 3,2010
10195,Thor,2011
10196,The Last Airbender,2010
10197,Nine,2009
10198,The Princess and the Frog,2009
10199,The Tale of Despereaux,2008
10200,The Day the Earth Stood Still,2008
10201,Yes Man,2008
10202,Bedtime Stories,2008
10204,Around the World in 80 Days,2004
10206,Buffy the Vampire Slayer,1992
10207,Message in a Bottle,1999
10210,A Midsummer Night's Dream,1999
10214,Son of the Mask,2005
10216,Species II,1998
10217,The Sweet Hereafter,1997
10218,Swingers,1996
10220,Rounders,1998
10222,Kickboxer,1989
10223,A Simple Plan,1998
10225,Friday the 13th Part VI: Jason Lives,1986
10226,High Tension,2003
10228,Pokémon: The First Movie,1998
10229,A Walk to Remember,2002
10234,Funny Games,1997
10242,What Ever Happened to Baby Jane?,1962
10243,The Flight of the Phoenix,1965
10246,Porky's,1981
10253,Dragon Wars: D-War,2007
10275,Shaolin Temple,1982
10280,Thinner,1996
10281,Friday the 13th Part VII: The New Blood,1988
10283,Friday the 13th Part VIII: Jason Takes Manhattan,1989
10285,Jason Goes to Hell: The Final Friday,1993
10293,Pauline at the Beach,1983
10294,Vacancy,2007
10297,How to Marry a Millionaire,1953
10303,The Jewel of the Nile,1985
10304,Starship Troopers 2: Hero of the Federation,2004
10307,Stigmata,1999
10312,Patch Adams,1998
10314,She's All That,1999
10315,Fantastic Mr. Fox,2009
10316,The Ides of March,2011
10317,Our Brand Is Crisis,2015
10320,The Ring Two,2005
10322,Being There,1979
10323,Clash of the Titans,1981
10327,"Legally Blonde 2: Red, White & Blonde",2003
10328,Cocoon,1985
10329,Congo,1995
10330,Freaky Friday,2003
10331,Night of the Living Dead,1968
10336,Spawn,1997
10337,Bugsy,1991
10339,Moby Dick,1956
10340,Lady and the Tramp,1955
10342,Teaching Mrs. Tingle,1999
10344,The Fly II,1989
10345,K-9,1989
10347,Dobermann,1997
10351,Wishmaster,1997
10353,The Visitors II: The Corridors of Time,1998
10355,Shiri,1999
10357,Volcano,1997
10358,Zack and Miri Make a Porno,2008
10363,Purple Noon,1960
10366,Universal Soldier: The Return,1999
10367,Wild Things 2,2004
10371,For Richer or Poorer,1997
10373,Quadrophenia,1979
10376,The Legend of 1900,1998
10377,My Cousin Vinny,1992
10380,An American Tail: Fievel Goes West,1991
10384,Supernova,2000
10386,The Iron Giant,1999
10393,The Replacements,2000
10395,Wolf,1994
10398,Double Jeopardy,1999
10399,Mansfield Park,1999
10400,The Hurricane,1999
10402,Deuce Bigalow: Male Gigolo,1999
10403,The Player,1992
10404,Raise the Red Lantern,1991
10406,Encino Man,1992
10409,Strictly Ballroom,1992
10413,Nowhere to Run,1993
10414,The Mighty Ducks,1992
10423,Dragon: The Bruce Lee Story,1993
10425,The Death and Life of Bobby Z,2007
10428,Hackers,1995
10431,War,2007
10435,Chaplin,1992
10436,The Age of Innocence,1993
10438,Beethoven's 2nd,1993
10439,Hocus Pocus,1993
10447,No Escape,1994
10451,Eat Drink Man Woman,1994
10452,Queen Margot,1994
10461,Get Carter,2000
10466,The Money Pit,1986
10468,28 Days,2000
10471,Next Friday,2000
10473,DragonHeart: A New Beginning,2000
10474,The Basketball Diaries,1995
10477,Driven,2001
10479,Rules of Engagement,2000
10481,102 Dalmatians,2000
10483,Death Race,2008
10489,Cujo,1983
10490,Drop Dead Gorgeous,1999
10493,Dead Calm,1989
10494,Perfect Blue,1998
10495,The Karate Kid Part III,1989
10497,Bitter Moon,1992
10501,The Road to El Dorado,2000
10510,Miracle on 34th Street,1994
10513,Plan 9 from Outer Space,1959
10514,The Andromeda Strain,1971
10515,Castle in the Sky,1986
10518,Marathon Man,1976
10521,Bride Wars,2009
10527,Madagascar: Escape 2 Africa,2008
10528,Sherlock Holmes,2009
10529,Outlander,2008
10530,Pocahontas,1995
10534,White Squall,1996
10535,Spy Hard,1996
10536,The Italian Job,1969
10537,The Doors,1991
10538,Passenger 57,1992
10539,James and the Giant Peach,1996
10543,Fear,1996
10545,The Hunchback of Notre Dame,1996
10546,The Crow: City of Angels,1996
10547,The Arrival,1996
10549,Hamlet,1996
10552,Cat's Eye,1985
10555,Shark Tale,2004
10559,Frequency,2000
10564,Where the Heart Is,2000
10567,Dinosaur,2000
10576,Psycho II,1983
10577,Dracula 2000,2000
10582,Hot Bubblegum,1981
10585,Child's Play,1988
10586,The Ghost and the Darkness,1996
10587,Police Academy 4: Citizens on Patrol,1987
10588,The Cat in the Hat,2003
10589,After the Sunset,2004
10590,We Were Soldiers,2002
10591,The Girl Next Door,2004
10592,Hart's War,2002
10599,Pinocchio,2002
10601,Peter Pan,2003
10603,George of the Jungle,1997
10604,Zorba the Greek,1964
10607,Don't Be a Menace to South Central While Drinking Your Juice in the Hood,1996
10610,The Medallion,2003
10611,Barbershop,2002
10616,Contract Killer,1998
10617,Once Upon a Time in China,1991
10618,Once Upon a Time in China II,1992
10619,Once Upon a Time in China III,1993
10620,Once Upon a Time in China and America,1997
10622,Mr. Nice Guy,1997
10623,Cradle 2 the Grave,2003
10625,Mean Girls,2004
10628,Kangaroo Jack,2003
10632,The Hunted,2003
10633,In the Heat of the Night,1967
10634,Friday,1995
10637,Remember the Titans,2000
10641,Autumn in New York,2000
10644,The Unbearable Lightness of Being,1988
10646,Tomcats,2001
10647,Pay It Forward,2000
10648,Magnum Force,1973
10649,The Enforcer,1976
10650,Sudden Impact,1983
10651,The Dead Pool,1988
10653,The Seven Year Itch,1955
10654,Hair,1979
10656,Subway,1985
10658,Howard the Duck,1986
10659,Siegfried,2005
10660,It Could Happen to You,1994
10661,You Don't Mess with the Zohan,2008
10663,The Waterboy,1998
10665,The Strangers,2008
10669,Deliverance,1972
10671,Airport,1970
10673,Wall Street,1987
10674,Mulan,1998
10676,Halloween III: Season of the Witch,1982
10677,Dirty Dancing: Havana Nights,2004
10679,Iron Sky,2012
10680,D3: The Mighty Ducks,1996
10681,WALL·E,2008
10684,Courage Under Fire,1996
10685,The Watcher,2000
10693,Peter Pan,1953
10707,The Squid and the Whale,2005
10708,Daddy Day Care,2003
10715,Looney Tunes: Back in Action,2003
10718,Torque,2004
10719,Elf,2003
10720,Down with Love,2003
10724,Firefox,1982
10726,American Psycho II: All American Girl,2002
10727,Darkness Falls,2003
10731,The Client,1994
10734,Escape from Alcatraz,1979
10735,What a Girl Wants,2003
10740,Birth,2004
10747,The Outlaw Josey Wales,1976
10753,Police Story 2,1988
10756,The Haunted Mansion,2003
10757,Kabhi Khushi Kabhie Gham,2001
10760,Sydney White,2007
10761,Made of Honor,2008
10764,Quantum of Solace,2008
10766,Damien - Omen II,1978
10768,The Final Conflict,1981
10771,The Tuxedo,2002
10772,Django,1966
10774,Network,1976
10775,Infernal Affairs,2002
10776,Little Shop of Horrors,1986
10779,The Frighteners,1996
10780,Overboard,1987
10781,The Texas Chainsaw Massacre: The Beginning,2006
10782,Basic,2003
10784,Cabaret,1972
10785,The Thing from Another World,1951
10787,The Invisible Man,1933
10795,Tell No One,2006
10796,The One,2001
10802,Showgirls,1995
10803,Logan's Run,1976
10805,Staying Alive,1983
10806,In & Out,1997
10808,Dr. Dolittle 2,2001
10810,Rosario Tijeras,2005
10818,Water Lilies,2007
10823,Children of the Corn,1984
10829,Tremors 3: Back to Perfection,2001
10830,Matilda,1996
10833,Heartbreakers,2001
10835,The Killer,1989
10837,DuckTales: The Movie - Treasure of the Lost Lamp,1990
10839,Cross of Iron,1977
10843,After Hours,1985
10847,Lord of the Flies,1990
10849,The Purple Rose of Cairo,1985
10851,Revolver,2005
10859,Stakeout,1987
10860,Steel Magnolias,1989
10861,Maximum Risk,1996
10865,Atlantis: The Lost Empire,2001
10866,Joy Ride,2001
10867,Malena,2000
10868,The Accused,1988
10873,Shadow of the Vampire,2000
10876,Quills,2000
10877,Exit Wounds,2001
10882,Sleeping Beauty,1959
10885,Shutter,2008
10890,Stripes,1981
10895,Pinocchio,1940
10897,The Little Rascals,1994
10906,Pet Sematary II,1992
10907,The Adventures of Robin Hood,1938
10908,Inferno,1999
10910,Moulin Rouge,1952
10911,The Guns of Navarone,1961
10922,The Human Stain,2003
10923,Agent Cody Banks,2003
10925,The Return of the Living Dead,1985
10934,Under the Tuscan Sun,2003
10947,High School Musical,2006
10948,The Fox and the Hound,1981
10949,Oliver Twist,1948
10950,I Am Sam,2001
10951,Gorgeous,1999
10952,New Jack City,1991
10956,Joe Dirt,2001
10957,The Black Cauldron,1985
10972,Session 9,2001
10973,Creature from the Black Lagoon,1954
10974,Armour of God,1986
10975,Operation Condor,1991
10982,Hoodwinked!,2005
10984,Valentine,2001
10985,The New Guy,2002
10986,The Taming of the Scoundrel,1980
10987,Halloween: The Curse of Michael Myers,1995
10990,Mulholland Falls,1996
10991,Pokémon 3: The Movie,2000
10992,Cats & Dogs,2001
10995,The Lover,1992
10996,Stuart Little 2,2002
10997,Farewell My Concubine,1993
10998,Fatal Attraction,1987
10999,Commando,1985
11000,The Birdcage,1996
11001,Blue Streak,1999
11002,"Greystoke: The Legend of Tarzan, Lord of the Apes",1984
11003,The Wedding Singer,1998
11005,Awakenings,1990
11006,Smokey and the Bandit,1977
11007,Cheaper by the Dozen,2003
11008,Major Payne,1995
11009,Saturday Night Fever,1977
11011,Ri¢hie Ri¢h,1994
11012,Damage,1992
11013,Secretary,2002
11017,Billy Madison,1995
11018,Year of the Dragon,1985
11020,Picnic at Hanging Rock,1975
11023,Thirteen,2003
11024,Scooby-Doo 2: Monsters Unleashed,2004
11026,Exorcist: The Beginning,2004
11027,The Postman Always Rings Twice,1981
11031,This Is Spinal Tap,1984
11033,Dressed to Kill,1980
11034,The Great Gatsby,1974
11036,The Notebook,2004
11044,Arizona Dream,1993
11045,Taxi,2004
11046,Where Eagles Dare,1968
11050,Terms of Endearment,1983
11051,The Last Temptation of Christ,1988
11060,Internal Affairs,1990
11066,Boomerang,1992
11069,Tremors 2: Aftershocks,1996
11071,Them!,1954
11072,Blazing Saddles,1974
11074,Striking Distance,1993
11075,Audition,2000
11076,Fly Away Home,1996
11077,Problem Child,1990
11078,National Security,2003
11081,Taking Lives,2004
11085,Mutiny on the Bounty,1962
11087,The Hand That Rocks the Cradle,1992
11090,The Animal,2001
11092,Presumed Innocent,1990
11096,Hide and Seek,2005
11101,Stalingrad,1993
11104,Chungking Express,1994
11113,My Fair Lady,1964
11114,Pete's Dragon,1977
11123,Earthquake,1974
11127,Starship Troopers 3: Marauder,2008
11130,The Princess Diaries 2: Royal Engagement,2004
11132,Confessions of a Teenage Drama Queen,2004
11133,Poltergeist II: The Other Side,1986
11134,Police Story 3: Super Cop,1992
11137,The Prince & Me,2004
11143,Tai-Chi Master,1993
11152,The Ruins,2008
11153,National Lampoon's Vacation,1983
11156,Coco Before Chanel,2009
11159,Secrets & Lies,1996
11165,Tora! Tora! Tora!,1970
11167,Peeping Tom,1960
11170,We Are Marshall,2006
11171,Mysterious Skin,2005
11172,Music and Lyrics,2007
11177,Mask,1985
11185,"See No Evil, Hear No Evil",1989
11186,Child's Play 2,1990
11187,Child's Play 3,1991
11188,Ring of the Nibelungs,2004
11191,Mystic Pizza,1988
11197,Evil,2003
11198,City Hunter,1993
11199,Wild Hogs,2007
11202,Patton,1970
11205,Wheels on Meals,1984
11206,Wait Until Dark,1967
11208,Wicker Park,2004
11212,Baby's Day Out,1994
11216,Cinema Paradiso,1988
11220,Fallen Angels,1995
11224,Cinderella,1950
11228,Daylight,1996
11230,Drunken Master,1978
11231,The Next Karate Kid,1994
11232,Kate & Leopold,2001
11236,The Secret Garden,1993
11237,Anacondas: The Hunt for the Blood Orchid,2004
11238,Aladdin and the King of Thieves,1996
11247,A Cinderella Story,2004
11249,Seed of Chucky,2004
11252,Psycho,1998
11253,Hellboy II: The Golden Army,2008
11257,A Room with a View,1986
11259,Far and Away,1992
11260,Meet Dave,2008
11281,Halloween II,1981
11282,Harold & Kumar Go to White Castle,2004
11283,Nanny McPhee,2005
11284,Freddy's Dead: The Final Nightmare,1991
11285,Cocoon: The Return,1988
11286,The Cannonball Run,1981
11287,A League of Their Own,1992
11298,The Howling,1981
11299,Cowboy Bebop: The Movie,2001
11314,Koyaanisqatsi,1983
11317,My Girl 2,1994
11318,The Madness of King George,1994
11319,The Rescuers,1977
11321,Seven Pounds,2008
11322,Public Enemies,2009
11324,Shutter Island,2010
11327,Midnight Express,1978
11328,Pusher II,2004
11329,Runaway Jury,2003
11330,Pusher III,2005
11335,Popeye,1980
11336,The Dead Zone,1983
11344,A Bittersweet Life,2005
11347,The Lair of the White Worm,1988
11349,Cape Fear,1962
11351,Jeepers Creepers 2,2003
11352,Always,1989
11353,Bowfinger,1999
11355,Never Been Kissed,1999
11357,Halloween 4: The Return of Michael Myers,1988
11358,Walking Tall,2004
11360,Dumbo,1941
11361,Halloween 5: The Revenge of Michael Myers,1989
11362,The Count of Monte Cristo,2002
11368,Blood Simple,1984
11371,The Score,2001
11372,The Eagle Has Landed,1976
11377,House on Haunted Hill,1999
11379,The Adventures of Buckaroo Banzai Across the 8th Dimension,1984
11381,Tommy Boy,1995
11393,The Natural,1984
11395,The Santa Clause,1994
11397,Not Another Teen Movie,2001
11398,The Art of War,2000
11400,The New World,2005
11411,Superman IV: The Quest for Peace,1987
11412,The Long Kiss Goodnight,1996
11415,House,1985
11416,The Mission,1986
11418,National Lampoon's European Vacation,1985
11419,Vegas Vacation,1997
11422,Midway,1976
11423,Memories of Murder,2003
11425,"Honey, We Shrunk Ourselves",1997
11426,From Here to Eternity,1953
11428,Sleepwalkers,1992
11430,The Lion King 1½,2004
11431,Fever Pitch,2005
11439,The Ghost Writer,2010
11442,Halloween: Resurrection,2002
11449,The Amityville Horror,1979
11450,Quiz Show,1994
11451,Herbie Fully Loaded,2005
11452,National Lampoon's Van Wilder,2002
11453,Deuce Bigalow: European Gigolo,2005
11459,Sky High,2005
11460,Red Eye,2005
11462,Suspicion,1941
11463,Battle of Britain,1969
11469,Black Knight,2001
11470,Jason X,2001
11471,A Better Tomorrow,1986
11474,The Warriors,1979
11481,Repulsion,1965
11497,All Dogs Go to Heaven,1989
11507,Body Double,1984
11508,Addams Family Reunion,1998
11509,Silverado,1985
11517,Money Train,1995
11518,Mohabbatein,2000
11520,Grumpy Old Men,1993
11522,Pretty in Pink,1986
11524,Thief,1981
11525,Lawnmower Man 2: Beyond Cyberspace,1996
11527,Excalibur,1981
11528,The Sandlot,1993
11529,Sweet Home Alabama,2002
11531,Book of Shadows: Blair Witch 2,2000
11533,Jason and the Argonauts,1963
11536,The Misfits,1961
11537,Snake in the Eagle's Shadow,1978
11542,Altered States,1980
11543,Kingpin,1996
11544,Lilo & Stitch,2002
11545,Rushmore,1998
11546,Police Academy: Mission to Moscow,1994
11548,*batteries not included,1987
11551,Small Soldiers,1998
11560,High Crimes,2002
11565,Big Momma's House 2,2006
11568,Blues Brothers 2000,1998
11569,Hellraiser III: Hell on Earth,1992
11571,Journey to the Center of the Earth,1959
11575,The Great Race,1965
11576,"It's a Mad, Mad, Mad, Mad World",1963
11577,Pat Garrett & Billy the Kid,1973
11583,The First Great Train Robbery,1978
11586,Exorcist II: The Heretic,1977
11587,The Exorcist III,1990
11589,Kelly's Heroes,1970
11592,Serial Mom,1994
11595,Another 48 Hrs.,1990
11596,New Nightmare,1994
11601,Stir of Echoes,1999
11615,The Life of David Gale,2003
11616,Go for It,1983
11617,Rio Grande,1950
11618,The Haunting,1999
11619,Flushed Away,2006
11620,Quo Vadis,1951
11621,Porco Rosso,1992
11622,Blast from the Past,1999
11624,Everything You Always Wanted to Know About Sex *But Were Afraid to Ask,1972
11625,Asterix and the Big Fight,1989
11631,Mamma Mia!,2008
11635,Old School,2003
11636,New Police Story,2004
11637,Are We There Yet?,2005
11638,Guess Who,2005
11639,The Dark Crystal,1982
11644,Blow Out,1981
11645,Ran,1985
11649,Masters of the Universe,1987
11652,Invincible,2006
11653,The Myth,2005
11657,Le Cercle Rouge,1970
11665,Get Smart,2008
11667,Street Fighter,1994
11674,101 Dalmatians,1996
11675,Halloween H20: 20 Years Later,1998
11676,Nothing to Lose,1997
11678,Vertical Limit,2000
11679,xXx: State of the Union,2005
11683,Land of the Dead,2005
11687,The Visitors,1993
11688,The Emperor's New Groove,2000
11689,Crime Busters,1977
11690,Bloodsport,1988
11692,The Adventures of Pluto Nash,2002
11697,The Man Who Shot Liberty Valance,1962
11699,Bad Lieutenant: Port of Call - New Orleans,2009
11704,The Secret of NIMH,1982
11706,War and Peace,1956
11708,Chitty Chitty Bang Bang,1968
11713,Fist of Fury,1972
11770,Shaolin Soccer,2001
11774,Lemony Snicket's A Series of Unfortunate Events,2004
11775,Intolerable Cruelty,2003
11778,The Deer Hunter,1978
11780,Rob Roy,1995
11782,Hard Boiled,1992
11797,Fright Night,1985
11806,Beethoven,1992
11808,U.S. Marshals,1998
11811,Leprechaun,1993
11812,The Sweetest Thing,2002
11814,Weird Science,1985
11815,The Fly,1958
11817,Bulletproof Monk,2003
11820,Mona Lisa Smile,2003
11821,Doc Hollywood,1991
11823,Wimbledon,2004
11824,Teen Wolf,1985
11825,Police Academy 5: Assignment Miami Beach,1988
11827,Heavy Metal,1981
11829,Trinity Is Still My Name,1971
11830,Tampopo,1985
11835,Death Sentence,2007
11836,The SpongeBob SquarePants Movie,2004
11837,Watership Down,1978
11838,Ju-on: The Grudge,2002
11842,Red Sun,1971
11843,The Return of the Pink Panther,1975
11845,Intimacy,2001
11846,Father of the Bride,1991
11848,Animal Farm,1954
11849,Dungeons & Dragons,2000
11850,Invasion of the Body Snatchers,1978
11852,The Hot Chick,2002
11854,Kuch Kuch Hota Hai,1998
11856,Air America,1990
11859,Fair Game,1995
11860,Sabrina,1995
11866,Flight of the Phoenix,2004
11867,Barb Wire,1996
11873,The Color of Money,1986
11878,Yojimbo,1961
11880,Dog Soldiers,2002
11886,Robin Hood,1973
11887,High School Musical 3: Senior Year,2008
11891,Kung Pow: Enter the Fist,2002
11892,Murder by Numbers,2002
11893,Runaway Train,1985
11894,Curly Sue,1991
11895,Police Academy 6: City Under Siege,1989
11896,Throw Momma from the Train,1987
11897,How the West Was Won,1962
11901,High Plains Drifter,1973
11906,Suspiria,1977
11908,Hatchet,2006
11909,Bullet in the Head,1990
11916,Two Mules for Sister Sara,1970
11917,Saw V,2008
11918,Superhero Movie,2008
11929,Dolores Claiborne,1995
11932,Bride of Chucky,1998
11934,The Hudsucker Proxy,1994
11935,Capricorn One,1977
11937,The Gods Must Be Crazy II,1989
11943,Jeremiah Johnson,1972
11953,Kagemusha,1980
11954,Lifeforce,1985
11963,Three Days of the Condor,1975
11967,Young Guns,1988
11968,Into the Blue,2005
11969,Tombstone,1993
11970,Hercules,1997
11971,Much Ado About Nothing,1993
11973,Thirteen Days,2000
11974,The 'Burbs,1989
11975,The Rainmaker,1997
11976,Legend,1985
11977,Caddyshack,1980
11978,Men of Honor,2000
11979,Queen of the Damned,2002
11986,Betty Blue,1986
12079,Spun,2003
12085,Mad Money,2008
12088,Fortress,1992
12090,Just Married,2003
12092,Alice in Wonderland,1951
12093,Lilya 4-ever,2002
12094,Jackass Number Two,2006
12095,From Dusk Till Dawn 2: Texas Blood Money,1999
12096,The Pink Panther,2006
12100,Windtalkers,2002
12101,Soylent Green,1973
12102,Kramer vs. Kramer,1979
12103,Don't Say a Word,2001
12104,Pink Floyd: The Wall,1982
12106,The Quick and the Dead,1995
12107,Nutty Professor II: The Klumps,2000
12110,Dracula: Dead and Loving It,1995
12113,Body of Lies,2008
12118,Police Academy 3: Back in Training,1986
12120,My Stepmother Is an Alien,1988
12122,Village of the Damned,1995
12123,Chain Reaction,1996
12129,Herbie Goes Bananas,1980
12133,Step Brothers,2008
12138,3000 Miles to Graceland,2001
12139,Dennis the Menace,1993
12140,Ghost in the Shell 2: Innocence,2004
12144,The Land Before Time,1988
12146,The Missing,2003
12149,Frailty,2002
12153,White Chicks,2004
12154,3 Men and a Baby,1987
12155,Alice in Wonderland,2010
12159,What Dreams May Come,1998
12160,Wyatt Earp,1994
12162,The Hurt Locker,2008
12163,The Wrestler,2008
12177,The Love Guru,2008
12180,Star Wars: The Clone Wars,2008
12184,The Other Boleyn Girl,2008
12187,Heart and Souls,1993
12193,Four Christmases,2008
12201,Edge of Darkness,2010
12205,Dark Water,2002
12207,The Legend of Drunken Master,1994
12208,Casino Royale,1967
12211,Highlander: Endgame,2000
12212,Urban Legends: Final Cut,2000
12219,12 Angry Men,1997
12222,Horton Hears a Who!,2008
12225,Cashback,2007
12227,White Fang,1991
12230,One Hundred and One Dalmatians,1961
12233,Oliver & Company,1988
12242,Mulan II,2004
12244,9,2009
12245,The Oxford Murders,2008
12246,Mongol: The Rise of Genghis Khan,2007
12253,Biker Boyz,2003
12262,The Hills Have Eyes,1977
12277,Undercover Brother,2002
12279,Spy Kids 3-D: Game Over,2003
12289,Red Cliff,2008
12309,Bachelor Party,1984
12335,Bedknobs and Broomsticks,1971
12403,A Perfect Getaway,2009
12405,Slumdog Millionaire,2008
12429,Ponyo,2008
12435,The Nanny Diaries,2007
12437,Underworld: Rise of the Lycans,2009
12444,Harry Potter and the Deathly Hallows: Part 1,2010
12445,Harry Potter and the Deathly Hallows: Part 2,2011
12448,The Hunchback of Notre Dame II,2002
12481,The Big Boss,1971
12493,High and Low,1963
12498,Sling Blade,1996
12500,American Ninja,1985
12501,The Big Country,1958
12508,Rock Star,2001
12516,Dreams,1990
12519,Sirens,1994
12536,Home Alone 4,2002
12537,The French Lieutenant's Woman,1981
12539,The Black Tulip,1964
12554,Citizen X,1995
12556,Ghosts of Girlfriends Past,2009
12560,The Big Chill,1983
12572,"New York, I Love You",2008
12573,A Serious Man,2009
12584,The Shootist,1976
12589,Jimmy Neutron: Boy Genius,2001
12590,Below,2002
12594,Wishmaster 2: Evil Never Dies,1999
12599,Pokémon the Movie 2000,1999
12600,Pokémon 4Ever,2001
12609,Help! I'm a Fish,2000
12610,Osmosis Jones,2001
12618,Random Hearts,1999
12620,The House Bunny,2008
12625,Guns of the Magnificent Seven,1969
12639,Return of the Seven,1966
12657,Soul Plane,2004
12665,Powder,1995
12689,"Angus, Thongs and Perfect Snogging",2008
12690,Appaloosa,2008
12702,Critters 3,1991
12703,The Brown Bunny,2003
12707,Orca,1977
12721,"No Retreat, No Surrender",1986
12723,Inventing the Abbotts,1997
12767,Cold Creek Manor,2003
12779,Swept Away,2002
12783,The Duchess,2008
12797,Ghost Town,2008
12819,Alpha and Omega,2010
12837,The Secret Life of Bees,2008
12902,Scooby-Doo! and the Loch Ness Monster,2004
12914,Stargate: Continuum,2008
12919,Can't Buy Me Love,1987
13001,Stargate: The Ark of Truth,2008
13002,Barbie in the 12 Dancing Princesses,2006
13004,Barbie and the Diamond Castle,2008
13008,An American Crime,2007
13009,Zombie Strippers!,2008
13012,Felon,2008
13018,Deception,2008
13022,Rogue,2007
13027,Eagle Eye,2008
13051,Max Payne,2008
13053,Bolt,2008
13056,Punisher: War Zone,2008
13078,The Babysitters,2008
13092,How to Lose Friends & Alienate People,2008
13121,Teeth,2008
13122,The People Under the Stairs,1991
13127,SPL: Kill Zone,2005
13150,Pride and Glory,2008
13151,Scooby-Doo on Zombie Island,1998
13154,Showdown in Little Tokyo,1991
13155,Return to Oz,1985
13156,Secondhand Lions,2003
13159,Georgia Rule,2007
13161,Big Stan,2007
13179,Tinker Bell,2008
13183,Watchmen,2009
13186,Wrong Turn 2: Dead End,2007
13189,A Christmas Carol,1984
13194,Highlander: The Search for Vengeance,2007
13195,Flawless,2007
13199,American Me,1992
13200,Red,2008
13203,Son in Law,1993
13205,Bambi II,2006
13207,Friday the 13th,2009
13223,Gran Torino,2008
13225,FernGully: The Last Rainforest,1992
13249,Seraphim Falls,2007
13252,Cleaner,2007
13260,Semi-Pro,2008
13275,Annapolis,2006
13279,Lakeview Terrace,2008
13282,Death Race 2000,1975
13283,Barbie as the Island Princess,2007
13285,Barbie Fairytopia: Mermaidia,2006
13310,Let the Right One In,2008
13313,Beauty and the Beast: The Enchanted Christmas,1997
13320,Funny Face,1957
13333,Game of Death,1978
13335,Harold & Kumar Escape from Guantanamo Bay,2008
13342,Fast Times at Ridgemont High,1982
13345,A Chinese Odyssey Part One: Pandora's Box,1995
13363,The Man from Earth,2007
13368,White Christmas,1954
13374,Ice Princess,2005
13375,The Tit and the Moon,1994
13378,Mickey's Twice Upon a Christmas,2004
13387,Transporter 3,2008
13394,Shrek the Halls,2007
13398,Tokyo Godfathers,2003
13413,BURN·E,2008
13416,Friday Night Lights,2004
13417,Kronk's New Groove,2005
13448,Angels & Demons,2009
13455,Push,2009
13459,Barbie in 'A Christmas Carol',2008
13460,Doomsday,2008
13461,Melissa P.,2005
13465,The Adventures of Ichabod and Mr. Toad,1949
13466,October Sky,1999
13475,Star Trek,2009
13477,When in Rome,2010
13483,Awake,2007
13486,The Scorpion King 2: Rise of a Warrior,2008
13490,Welcome Home Roscoe Jenkins,2008
13494,Red Sonja,2025
13496,American Outlaws,2001
13497,Drumline,2002
13498,Man of the House,2005
13499,"Yours, Mine & Ours",2005
13509,The Monster Squad,1987
13510,Eden Lake,2008
13515,Mirrors,2008
13523,Sex Drive,2008
13524,Battle of the Bulge,1965
13528,Gaslight,1944
13531,Empire Records,1995
13550,The Changeling,1980
13562,My Man Godfrey,1936
13596,My Best Friend's Girl,2008
13597,Labyrinth,1986
13600,City of Ember,2008
13613,Day of the Dead,2008
13633,Bad Boys,1983
13640,Superman: Doomsday,2007
13648,Resident Evil: Degeneration,2008
13649,High School Musical 2,2007
13654,101 Dalmatians II: Patch's London Adventure,2003
13655,Camp Rock,2008
13667,Better Off Dead...,1985
13673,Christmas with the Kranks,2004
13680,The Game Plan,2007
13681,Places in the Heart,1984
13683,Tarzan & Jane,2002
13688,CJ7,2008
13689,Peaceful Warrior,2006
13690,Open Season 2,2008
13700,Home on the Range,2004
13702,A Dirty Shame,2004
13704,License to Drive,1988
13715,At Close Range,1986
13767,The Santa Clause 3: The Escape Clause,2006
13788,The Unborn,2009
13809,RocknRolla,2008
13811,Knowing,2009
13812,Quarantine,2008
13813,Defiance,2008
13820,Repo Man,1984
13830,Shottas,2002
13836,Race to Witch Mountain,2009
13851,Batman: Gotham Knight,2008
13855,The Chaser,2008
13885,Sweeney Todd: The Demon Barber of Fleet Street,2007
13888,Return to the Blue Lagoon,1991
13909,She Wore a Yellow Ribbon,1949
13920,Radio,2003
13934,Mater and the Ghostlight,2006
13939,Death Wish,1974
13944,Passengers,2008
13949,Persuasion,2007
13957,Closing the Ring,2007
13969,First Daughter,2004
13971,Wild Child,2008
13972,The Women,2008
13980,Sword of the Stranger,2007
13986,Dil To Pagal Hai,1997
14001,Dead Silence,2007
14003,Fullmetal Alchemist the Movie: Conqueror of Shamballa,2005
14008,Cadet Kelly,2002
14013,BASEketball,1998
14029,Demons,1985
14030,"Hello, Dolly!",1969
14043,Nancy Drew,2007
14044,Assembly,2007
14055,Starter for 10,2006
14057,Trust the Man,2005
14059,Snow Buddies,2008
14069,The Girl Who Leapt Through Time,2006
14072,Rab Ne Bana Di Jodi,2008
14113,Zoom,2006
14128,Cinderella II: Dreams Come True,2002
14132,Macross: Do You Remember Love?,1984
14134,Main Hoon Na,2004
14136,The Love Bug,1968
14139,Timecrimes,2007
14144,Daddy Day Camp,2007
14160,Up,2009
14161,2012,2009
14163,Chak De! India,2007
14164,Dragonball Evolution,2009
14174,Lie with Me,2005
14175,Valiant,2005
14177,Beauty Shop,2005
14181,Boiler Room,2000
14191,Aquamarine,2006
14194,Dhoom 2,2006
14199,The Adventures of Sharkboy and Lavagirl,2005
14202,The Painted Veil,2006
14207,The Librarian: Quest for the Spear,2004
14208,The Librarian: Return to King Solomon's Mines,2006
14223,Wind Chill,2007
14239,Cool World,1992
14245,Sniper 2,2002
14249,Revenge,1990
14254,The Uninvited,2009
14258,Wonderful Days,2003
14282,Ninja Scroll,1993
14289,Fire Down Below,1997
14291,Searching for Bobby Fischer,1993
14306,Marley & Me,2008
14310,Infernal Affairs III,2003
14320,Great Expectations,1946
14324,Virgin Territory,2007
14337,Primer,2004
14347,Blame It on Rio,1984
14359,Doubt,2008
14362,Out for Justice,1991
14365,Killing Me Softly,2002
14367,Adventures in Babysitting,1987
14370,Real Genius,1985
14392,The Warlords,2007
14405,Beverly Hills Chihuahua,2008
14410,Notorious,2009
14411,Sinbad: Legend of the Seven Seas,2003
14412,Body Heat,1981
14433,Zulu,1964
14435,My Bloody Valentine,2009
14438,Fireproof,2008
14442,Ella Enchanted,2004
14444,The Rugrats Movie,1998
14462,The Manchurian Candidate,2004
14506,The Adventures of Baron Munchausen,1988
14510,From Beyond,1986
14533,Gia,1998
14534,Rudy,1993
14537,Harakiri,1962
14553,Stealing Beauty,1996
14560,Paul Blart: Mall Cop,2009
14564,Rings,2017
14574,The Boy in the Striped Pyjamas,2008
14609,Ultimate Avengers: The Movie,2006
14620,The Butterfly Effect 2,2006
14624,The Ultimate Gift,2007
14636,The Condemned,2007
14675,The Awful Truth,1937
14684,School Ties,1992
14695,Havoc,2005
14709,Varsity Blues,1999
14746,Streets of Fire,1984
14756,Ip Man,2008
14784,The Fall,2006
14807,The Long Good Friday,1980
14811,Fiddler on the Roof,1971
14819,Heavyweights,1995
14821,Escape to Witch Mountain,1975
14834,Not Easily Broken,2009
14836,Coraline,2009
14849,Dead Like Me: Life After Death,2009
14854,Lone Wolf McQuade,1983
14863,Anaconda 3: Offspring,2008
14864,The Hot Spot,1990
14869,G.I. Joe: The Rise of Cobra,2009
14873,The Jungle Book 2,2003
14881,Joe Kidd,1972
14912,18 Year Old Virgin,2009
14919,Batman: Mask of the Phantasm,1993
14926,Uptown Girls,2003
15003,Chocolate,2008
15015,Barbie as Rapunzel,2002
15016,Barbie of Swan Lake,2003
15019,I Could Never Be Your Woman,2007
15035,Fire and Ice,1983
15058,Speak,2004
15067,"The Good, the Bad, the Weird",2008
15070,Undisputed,2002
15080,Only Yesterday,1991
15092,Crank: High Voltage,2009
15096,20 Million Miles to Earth,1957
15105,Still Waiting...,2009
15121,The Sound of Music,1965
15136,So Close,2002
15137,Evangelion: 1.0 You Are (Not) Alone,2007
15139,The Pagemaster,1994
15144,Sixteen Candles,1984
15152,"OSS 117: Cairo, Nest of Spies",2006
15157,Another Cinderella Story,2008
15159,The Pink Panther 2,2009
15165,Barbie as The Princess & the Pauper,2004
15167,Barbie in the Nutcracker,2001
15189,Hotel for Dogs,2009
15196,Clue,1985
15212,Species: The Awakening,2007
15255,Undisputed II: Last Man Standing,2006
15263,McLintock!,1963
15268,Street Fighter: The Legend of Chun-Li,2009
15283,Pom Poko,1994
15301,Twilight Zone: The Movie,1983
15356,The Girl Next Door,2007
15357,District 13: Ultimatum,2009
15359,Wonder Woman,2009
15370,The Cat Returns,2002
15371,Lupin the Third: The Castle of Cagliostro,1979
15373,Role Models,2008
15380,Weapons,2007
15383,Army of Shadows,1969
15384,Red Cliff II,2009
15392,Crossroads,1986
15403,Ben 10: Secret of the Omnitrix,2007
15417,Every Which Way but Loose,1978
15472,The Girl with the Dragon Tattoo,2009
15487,The Greatest Game Ever Played,2005
15512,Monsters vs Aliens,2009
15516,The Last House on the Left,1972
15567,Stitch! The Movie,2003
15573,The Cowboys,1972
15582,Teen Wolf Too,1987
15590,The Prince & Me 2: The Royal Wedding,2006
15613,Fire in the Sky,1993
15648,The Perfect Man,2005
15653,An Extremely Goofy Movie,2000
15655,The Tigger Movie,2000
15657,Tarzan II,2005
15670,Madea Goes to Jail,2009
15739,Annie,1982
15764,Sophie's Choice,1982
15767,Godzilla: Final Wars,2004
15775,If Only,2004
15789,A Goofy Movie,1995
15802,Tokyo Decadence,1992
15804,A Brighter Summer Day,1991
15849,The Mummy,1932
15854,Kung Fu Panda: Secrets of the Furious Five,2008
15859,A Moment to Remember,2004
15860,Dragon Tiger Gate,2006
15877,The Sky Crawlers,2008
15906,Barbie and the Magic of Pegasus,2005
15916,Angel's Egg,1985
15969,The Return of Jafar,1994
15997,The Land Before Time II: The Great Valley Adventure,1994
15999,Vampire Hunter D: Bloodlust,2000
16000,Ben 10: Race Against Time,2008
16007,Death Note,2006
16052,Selena,1997
16084,Freaky Friday,1976
16093,Carnival of Souls,1962
16094,House Party,1990
16113,The Delta Force,1986
16119,Cinderella III: A Twist in Time,2007
16140,Death Note: The Last Name,2006
16153,Alice Doesn't Live Here Anymore,1974
16157,Mobile Suit Gundam: Char's Counterattack,1988
16161,Baby Boy,2001
16186,Diary of a Mad Black Woman,2005
16198,My Neighbors the Yamadas,1999
16211,The Sons of Katie Elder,1965
16219,Gladiator,1992
16234,Batman Beyond: Return of the Joker,2000
16237,Teen Titans: Trouble in Tokyo,2006
16241,The Boys from Brazil,1978
16250,Love Comes Softly,2003
16258,The Butterfly Effect 3: Revelations,2009
16269,God of Gamblers,1989
16270,Career Opportunities,1991
16281,Creepshow,1982
16288,Creepshow 2,1987
16290,Jackass 3D,2010
16296,Killer Klowns from Outer Space,1988
16306,Fantastic Planet,1973
16307,The Wicker Man,1973
16314,3 Ninjas,1992
16318,Sex Is Zero,2002
16320,Serenity,2005
16337,The Texas Chainsaw Massacre 2,1986
16340,Rugrats in Paris: The Movie,2000
16353,Ong Bak 2,2008
16366,Joseph: King of Dreams,2002
16411,Initial D,2005
16418,Barbie Presents: Thumbelina,2009
16441,The Beastmaster,1982
16455,The Magic Roundabout,2004
16523,Where the Wild Things Are,2009
16538,"I Love You, Man",2009
16553,Little Manhattan,2005
16555,Daddy's Little Girls,2007
16558,Duplicity,2009
16563,Seven Brides for Seven Brothers,1954
16577,Astro Boy,2009
16608,The Proposition,2005
16614,Adventureland,2009
16617,Mindhunters,2004
16619,Ordinary People,1980
16620,La Bamba,1987
16633,Somewhere in Time,1980
16638,El Cid,1961
16642,Days of Heaven,1978
16643,Life or Something Like It,2002
16664,All About Lily Chou-Chou,2001
16672,Woman in the Dunes,1964
16690,Return to Never Land,2002
16763,Joy Ride 2: Dead Ahead,2009
16780,The Return of the Texas Chainsaw Massacre,1995
16781,Madea's Family Reunion,2006
16804,Departures,2008
16859,Kiki's Delivery Service,1989
16866,Planet 51,2009
16869,Inglourious Basterds,2009
16871,Drag Me to Hell,2009
16889,Revenge of the Nerds II: Nerds in Paradise,1987
16907,Naruto the Movie: Ninja Clash in the Land of Snow,2004
16910,Naruto the Movie: Legend of the Stone of Gelel,2005
16931,Into the Blue 2: The Reef,2009
16962,Barbie Fairytopia: Magic of the Rainbow,2007
16985,Legally Blondes,2009
16995,State of Play,2009
16996,17 Again,2009
17015,Persuasion,1995
17047,Agent Cody Banks 2: Destination London,2004
17058,Scarlet Street,1945
17097,After Sex,2007
17101,Bleach the Movie: The DiamondDust Rebellion,2007
17111,Shutter,2004
17130,Crossroads,2002
17134,12 Rounds,2009
17165,Bleach the Movie: Fade to Black,2008
17169,Any Which Way You Can,1980
17182,Eye for an Eye,1996
17189,Battle Angel,1993
17202,Why Did I Get Married?,2007
17263,A Murder of Crows,1999
17264,The Black Stallion,1979
17295,The Battle of Algiers,1966
17335,Obsessed,2009
17336,Fighting,2009
17339,Force 10 from Navarone,1978
17360,Escape to Victory,1981
17365,The Parallax View,1974
17379,Last Holiday,2006
17422,Summer Palace,2006
17431,Moon,2009
17436,The Informers,2008
17466,Death Warrant,1990
17474,The Man in the Moon,1991
17494,Unlawful Entry,1992
17501,Don,2006
17529,True Grit,1969
17578,The Adventures of Tintin,2011
17581,Naruto Shippuden the Movie: Bonds,2008
17609,Antichrist,2009
17610,Year One,2009
17653,The Legend,1993
17654,District 9,2009
17663,Anne of Green Gables,1985
17664,The Horse Soldiers,1959
17680,The Girlfriend Experience,2009
17681,Scooby-Doo! and the Witch's Ghost,1999
17689,The Gauntlet,1977
17692,Jaws 3-D,1983
17707,Brokedown Palace,1999
17745,Camp Nowhere,1994
17809,Fist of Legend,1994
17814,Assault on Precinct 13,1976
17835,Threads,1984
17894,The Beautician and the Beast,1997
17897,The Golden Voyage of Sinbad,1973
17898,Silver Bullet,1985
17899,"Sex, Party and Lies",2009
17903,A Frozen Flower,2008
17917,Oliver!,1968
17918,Swamp Thing,1982
17927,Fired Up!,2009
17979,A Christmas Carol,2009
17988,The Most Beautiful,1944
18030,Kiss Me Deadly,1955
18032,The Secret of Moonacre,2009
18041,Gossip,2000
18060,Beast Stalker,2008
18095,Dragon Ball GT: A Hero's Legacy,1997
18118,Mackenna's Gold,1969
18126,Hannah Montana: The Movie,2009
18129,The Grifters,1990
18148,Tokyo Story,1953
18162,Land of the Lost,2009
18183,Like Water for Chocolate,1992
18190,Dream Lover,1994
18198,Barbie Mariposa,2008
18203,Big Night,1996
18239,The Twilight Saga: New Moon,2009
18240,The Proposal,2009
18254,Reds,1981
18269,Lady and the Tramp II: Scamp's Adventure,2001
18311,Days of Being Wild,1990
18320,The Young Victoria,2009
18329,Happy Together,1997
18331,The Nutty Professor,1963
18334,Guinea Pig: Devil's Experiment,1985
18360,Night at the Museum: Battle of the Smithsonian,2009
18377,200 Pounds Beauty,2006
18402,Something to Talk About,1995
18405,The Last House on the Left,2009
18438,Castaway on the Moon,2009
18450,Zorro,1975
18487,The Taking of Pelham 1 2 3,2009
18491,Neon Genesis Evangelion: The End of Evangelion,1997
18501,Gamer,2009
18502,The Stuff,1985
18533,Bronson,2009
18627,Son of Godzilla,1967
18647,One-Eyed Jacks,1961
18672,The Legend of the Swordsman,1992
18674,The Bodyguard from Beijing,1994
18680,Fear City,1984
18706,Sherlock Holmes and the Secret Weapon,1942
18707,"Twinkle, Twinkle Lucky Stars",1985
18726,Perfect Creature,2007
18731,Last Hero in China,1993
18736,The Lizzie McGuire Movie,2003
18764,Twin Dragons,1992
18771,They Were Expendable,1945
18780,Sink the Bismarck!,1960
18785,The Hangover,2009
18823,Clash of the Titans,2010
18835,Private School,1983
18861,Naruto the Movie: Guardians of the Crescent Moon Kingdom,2006
18870,Minotaur,2006
18881,Kite,1998
18885,3 Ninjas Kick Back,1994
18890,We're Back! A Dinosaur's Story,1993
18892,Jawbreaker,1999
18899,Vengeance,2009
18905,Caveman,1981
18925,Facing the Giants,2006
18937,Quest for Camelot,1998
18947,The Boat That Rocked,2009
18988,The Lion in Winter,1968
18993,Mysterious Island,1961
19086,Delta Force 2: The Colombian Connection,1990
19101,A Little Princess,1995
19114,Endless Love,1981
19173,Diary of a Nymphomaniac,2008
19185,Night of the Living Dead,1990
19186,The Parent Trap,1961
19204,The Beyond,1981
19265,Whatever Works,2009
19277,In Hell,2003
19286,Leprechaun 3,1995
19333,Terror of Mechagodzilla,1975
19344,Loving Annabelle,2007
19384,Dark Angel,1990
19386,He-Man and She-Ra: The Secret of the Sword,1985
19403,The Mechanic,1972
19404,Dilwale Dulhania Le Jayenge,1995
19405,Recess: School's Out,2001
19426,Nights of Cabiria,1957
19457,The Yards,2000
19458,Princess Protection Program,2009
19543,Anacondas: Trail of Blood,2009
19556,Miss March,2009
19576,One Piece: The Movie,2000
19580,The Dukes of Hazzard: The Beginning,2007
19585,G-Force,2009
19824,Van Wilder: Freshman Year,2009
19840,"I Love You, Beth Cooper",2009
19898,Pandorum,2009
19899,Couples Retreat,2009
19901,Daybreakers,2010
19904,The Stepfather,2009
19908,Zombieland,2009
19912,The Final Destination,2009
19913,(500) Days of Summer,2009
19918,Spread,2009
19959,Surrogates,2009
19994,Jennifer's Body,2009
19995,Avatar,2009
19997,Niagara,1953
20048,Confessions of a Shopaholic,2009
20077,The Batman vs. Dracula,2005
20126,Deep Red,1975
20235,Belle's Magical World,1998
20312,Interstate 60,2002
20329,Death Note: L Change the WorLd,2008
20334,The Shop Around the Corner,1940
20352,Despicable Me,2010
20379,Grand Prix,1966
20453,3 Idiots,2009
20504,The Book of Eli,2010
20526,TRON: Legacy,2010
20533,Jonah Hex,2010
20544,Something the Lord Made,2004
20567,Sex and Fury,1973
20662,Robin Hood,2010
20677,Detective Conan: Captured in Her Eyes,2000
20737,Air Bud,1997
20760,Lilo & Stitch 2: Stitch Has a Glitch,2005
20762,The Substitute,1996
20763,Radio Flyer,1992
20766,The Road,2009
20770,But I'm a Cheerleader,2000
20815,The Handmaid's Tale,1990
20856,Aliens in the Attic,2009
20941,Innocent Voices,2005
20943,The Ugly Truth,2009
20982,Naruto Shippuden the Movie,2007
21032,Balto,1995
21035,Turkish Delight,1973
21057,Ocean Waves,1993
21191,Sin Nombre,2009
21208,Orphan,2009
21301,Barbershop 2: Back in Business,2004
21316,Leroy & Stitch,2006
21334,Children of Heaven,1997
21338,Stone Cold,1991
21345,City of Life and Death,2009
21385,"Mickey, Donald, Goofy: The Three Musketeers",2004
21407,The Collector,2009
21422,Detective Conan: The Time Bombed Skyscraper,1997
21427,The Valet,2006
21450,Naked,1993
21452,Case Closed: The Fourteenth Target,1998
21481,Twitches,2005
21484,Possession,1981
21489,The Odessa File,1974
21506,Noroi: The Curse,2005
21521,Project A Part II,1987
21542,Love Don't Co$t a Thing,2003
21575,A Prophet,2009
21588,Cemetery Man,1994
21629,Stir Crazy,1980
21634,Prayers for Bobby,2009
21647,Sex Is Zero 2,2007
21683,Batman: Mystery of the Batwoman,2003
21724,Dance Flick,2009
21734,Shadow of a Doubt,1943
21778,RRRrrrr!!!,2004
21832,Neon Genesis Evangelion: Death and Rebirth,1997
21835,A Chinese Odyssey Part Two: Cinderella,1995
21873,My Bodyguard,1980
21972,Like Mike,2002
22059,The Fantastic Four,1994
22073,Hoodlum,1997
22160,Against All Odds,1984
22164,Blood and Bone,2009
22201,Gunfight at the O.K. Corral,1957
22307,Sisters,1973
22345,Baby Geniuses,1999
22356,Angel and the Badman,1947
22383,The Professionals,1966
22490,The Women,1939
22501,Time Masters,1982
22536,Thirst,2009
22537,Inuyasha the Movie 2: The Castle Beyond the Looking Glass,2002
22538,Scott Pilgrim vs. the World,2010
22582,Tom and Jerry: The Movie,1992
22586,The Swan Princess,1994
22620,Scooby-Doo! The Mystery Begins,2009
22683,Gifted Hands: The Ben Carson Story,2009
22692,A Star Is Born,1937
22705,Cheeky,2000
22733,Beat the Devil,1953
22794,Cloudy with a Chance of Meatballs,2009
22798,Whip It,2009
22803,Law Abiding Citizen,2009
22804,Saw VI,2009
22824,The Fourth Kind,2009
22825,The Box,2009
22826,The Monster,1994
22832,Ninja Assassin,2009
22843,Evangelion: 2.0 You Can (Not) Advance,2009
22855,Superman/Batman: Public Enemies,2009
22881,The Blind Side,2009
22894,Legion,2010
22897,It's Complicated,2009
22907,Takers,2010
22947,Up in the Air,2009
22949,Old Dogs,2009
22954,Invictus,2009
22968,Father's Little Dividend,1951
22970,The Cabin in the Woods,2012
22971,Dear John,2010
22972,Green Zone,2010
23023,Tooth Fairy,2010
23047,Season of the Witch,2011
23048,Hot Tub Time Machine,2010
23082,The Invention of Lying,2009
23168,The Town,2010
23169,Remember Me,2010
23172,The Spy Next Door,2010
23202,Trick 'r Treat,2007
23398,Alvin and the Chipmunks: The Squeakquel,2009
23433,Antonio's Secret,2008
23437,A Nightmare on Elm Street,2010
23446,One Piece: Clockwork Island Adventure,2001
23452,Gurren Lagann the Movie: The Lights in the Sky Are Stars,2009
23483,Kick-Ass,2010
23488,Dorian Gray,2009
23527,First Squad: The Moment of Truth,2009
23566,Barbie and the Three Musketeers,2009
23629,Sucker Punch,2011
23631,Machete,2010
23742,Cop Out,2010
23759,Centurion,2010
23823,Wrong Turn 3: Left for Dead,2009
23827,Paranormal Activity,2007
23903,Curious George 2: Follow That Monkey!,2009
23942,Paradise,1982
23963,Pontypool,2009
24021,The Twilight Saga: Eclipse,2010
24099,Dreamscape,1984
24100,The Little Vampire,2000
24122,The Rebound,2009
24150,Halloween II,2009
24226,The Verdict,1982
24238,Mary and Max,2009
24253,The Girl Who Played with Fire,2009
24264,Sheena,1984
24402,Emmanuelle,1974
24418,Cirque du Freak: The Vampire's Assistant,2009
24420,The Time Traveler's Wife,2009
24428,The Avengers,2012
24452,The Little Shop of Horrors,1960
24476,Beethoven's 3rd,2000
24480,Partly Cloudy,2009
24548,Just One of the Guys,1985
24593,Thinking XXX,2004
24615,Aloha Scooby-Doo!,2005
24657,The Sacrifice,1986
24740,The Entity,1982
24742,Secret Admirer,1985
24752,Dragon Ball Z: Cooler's Revenge,1991
24786,In Tranzit,2008
24803,Julie & Julia,2009
24831,Piranha,1978
24873,Death Wish 3,1985
25018,Leatherface: The Texas Chainsaw Massacre III,1990
25188,The Last Picture Show,1971
25195,Leap Year,2010
25199,Teen Witch,1989
25237,Come and See,1985
25239,Day of the Woman,1978
25318,Escape from Sobibor,1987
25376,The Secret in Their Eyes,2009
25405,Taking Chance,2009
25472,Merry Madagascar,2009
25473,Walking Tall,1973
25475,Tinker Bell and the Lost Treasure,2009
25493,The Breastford Wives,2007
25523,The Ghost of Lord Farquaad,2003
25527,The Ron Clark Story,2006
25538,Yi Yi,2000
25560,The Taming of the Shrew,1967
25602,Ninja,2009
25623,House,1977
25642,Ben 10 Alien Swarm,2010
25649,Bad Guy,2002
25670,Foreign Correspondent,1940
25676,Rob-B-Hood,2006
25678,American Ninja 2: The Confrontation,1987
25716,Crows Zero II,2009
25769,Carriers,2009
25793,Precious,2009
25858,Drunken Angel,1948
25866,The Sucker,1965
25892,Cinderella,1965
25941,Harry Brown,2009
25961,Pokémon: The Rise of Darkrai,2007
25988,The Sleeping Dictionary,2003
25993,Asylum,1972
25998,Men Behind the Sun,1988
26022,My Name Is Khan,2010
26119,Chato's Land,1972
26123,American Pie Presents: The Book of Love,2009
26127,Joshua Tree,1993
26171,Everybody's Fine,2009
26264,George of the Jungle 2,2003
26277,Mujhse Dosti Karoge!,2002
26325,Tarzan the Ape Man,1981
26338,Romance,1999
26388,Buried,2010
26389,From Paris with Love,2010
26390,Brooklyn's Finest,2010
26428,Agora,2009
26466,Triangle,2009
26505,Arthur and the Revenge of Maltazard,2009
26515,Pumpkinhead,1988
26550,Little Lips,1978
26578,The Falcon and the Snowman,1985
26593,Rio Lobo,1970
26594,The Secret,2006
26648,The Night Porter,1974
26662,Detective Conan: The Phantom of Baker Street,2002
26736,Wizards of Waverly Place: The Movie,2009
26817,Sex and the Single Girl,1964
26845,Tarzan the Ape Man,1932
26875,The Magic Blade,1976
26877,Naked Killer,1992
26963,The Secret of Kells,2009
26973,Pretty Baby,1978
27022,The Sorcerer's Apprentice,2010
27066,The Voyeur,1994
27098,All Things Fair,1995
27198,Tina!: 50th Anniversary Tour - Live in Holland,2009
27205,Inception,2010
27274,Frankenhooker,1990
27324,Pulse,2001
27374,Lake Mungo,2009
27429,Shivers,1975
27458,Little Darlings,1980
27573,The Bounty Hunter,2010
27576,Salt,2010
27578,The Expendables,2010
27579,The American,2010
27581,The Other Guys,2010
27582,The Mechanic,2011
27583,Greenberg,2010
27585,Rabbit Hole,2010
27902,Love Wrecked,2005
27945,Hombre,1967
27983,"Yours, Mine and Ours",1968
28032,Thumbelina,1994
28053,City Island,2009
28162,A Matter of Life and Death,1946
28176,Tucker: The Man and His Dream,1988
28178,Hachi: A Dog's Tale,2009
28209,Emmanuelle: The Joys of a Woman,1975
28211,Chloe,2010
28218,Deathstalker II: Duel of the Titans,1987
28260,Return of the Living Dead III,1993
28277,99 Women,1969
28297,Brute Force,1947
28322,Madness,1980
28325,Emanuelle Around the World,1977
28355,Case 39,2009
28468,The Key,1983
28510,Universal Soldier: Regeneration,2009
28529,Sorceress,1995
28597,Problem Child 2,1991
28602,Zombie Wars,2007
28609,Dragon Ball Z: Dead Zone,1989
28764,Detective Conan: The Raven Chaser,2009
28794,The House by the Cemetery,1981
28808,Detective Conan: The Last Wizard of the Century,1999
28874,Summer Wars,2009
28971,Limelight,1952
28981,Escape to Athena,1979
29154,Stand and Deliver,1988
29167,The Case of the Bloody Iris,1972
29259,Le Trou,1960
29339,Nicholas Nickleby,2002
29427,The Crazies,2010
29592,Lust for Life,1956
29812,The Substitute 2: School's Out,1998
29826,The Legend of the Nahuala,2007
29845,A Woman Under the Influence,1974
29912,The Robe,1953
29917,Exam,2009
29993,Samson and Delilah,1949
29996,Solomon and Sheba,1959
30018,Mother,2009
30020,Taste of Cherry,1997
30043,Green Chair,2005
30061,Justice League: Crisis on Two Earths,2010
30062,Eaten Alive,1976
30080,Ship of Fools,1965
30095,Passport to Pimlico,1949
30178,Stuart Little 3: Call of the Wild,2005
30197,The Producers,1968
30301,Black Angel,2002
30421,A Chinese Ghost Story,1987
30484,Warrior Queen,1987
30494,Top Model,1988
30497,The Texas Chain Saw Massacre,1974
30596,Bodyguards and Assassins,2009
30726,Inner Sanctum,1991
30827,Deep Throat Part II,1974
30830,Fantasm Comes Again,1977
30931,Dark Night of the Scarecrow,1981
30943,The Deep End of the Ocean,1999
30959,Kwaidan,1965
31011,Mr. Nobody,2009
31146,Box of Moonlight,1996
31214,Stay as You Are,1978
31287,Eegah,1962
31516,On the Town,1949
31646,Piranha II: The Spawning,1982
31655,The Terror,1963
31685,The Hunchback of Notre Dame,1939
31867,Repo Men,2010
31894,The Tuskegee Airmen,1995
31943,Emperor of the North,1973
31947,King Kong Lives,1986
31962,Shining Through,1992
31997,Saboteur,1942
32022,Case Closed: Countdown to Heaven,2001
32030,Hopscotch,1980
32261,Scandal,1989
32292,Guinea Pig: Mermaid in the Manhole,1988
32528,Spartacus,2004
32629,A Chinese Torture Chamber Story,1994
32657,Percy Jackson & the Olympians: The Lightning Thief,2010
32669,The Two Jakes,1990
32740,Krrish,2006
32823,Get Him to the Greek,2010
32856,Valentine's Day,2010
32858,The Return of the Vampire,1943
32985,Solomon Kane,2009
33157,Waterloo,1970
33196,Tidal Wave,2009
33217,Diary of a Wimpy Kid,2010
33273,Cell 211,2009
33320,Millennium Actress,2002
33408,The Crush,1993
33537,Legend of the Wolf,1997
33542,Rumble in the Bronx,1995
33583,The Decameron,1971
33602,Temple Grandin,2010
33613,The Girl Who Kicked the Hornet's Nest,2009
33689,It Takes Two,1995
33875,Pokémon Heroes,2002
33909,Wall Street: Money Never Sleeps,2010
33932,Shortcut to Happiness,2007
34000,The Million Pound Note,1954
34016,She's Out of My League,2010
34065,Pokémon: Destiny Deoxys,2004
34067,Pokémon: Lucario and the Mystery of Mew,2005
34134,Barbie in A Mermaid Tale,2010
34179,14 Blades,2010
34295,Inuyasha the Movie 3: Swords of an Honorable Ruler,2003
34309,Most Wanted,1997
34327,The Woman in Green,1945
34376,Mannequin Two: On the Move,1991
34433,Dragon Ball Z: Broly - The Legendary Super Saiyan,1993
34480,The Descent: Part 2,2009
34544,The A-Team,2010
34584,The NeverEnding Story,1984
34636,The NeverEnding Story II: The Next Chapter,1990
34647,Enter the Void,2010
34653,A Single Man,2009
34672,Chestnut: Hero of Central Park,2004
34746,Death Wish V: The Face of Death,1994
34803,Death at a Funeral,2010
34806,The Back-Up Plan,2010
34813,The Losers,2010
34851,Predators,2010
35019,Nanny McPhee and the Big Bang,2010
35026,Lucky Luke,2009
35056,Date Night,2010
35138,Little Big Soldier,2010
35144,The Journey of Natty Gann,1985
35169,Furry Vengeance,2010
35201,The Holcroft Covenant,1985
35282,Female Prisoner Scorpion: Beast Stable,1973
35552,The Extraordinary Adventures of Adèle Blanc-Sec,2010
35558,Starstruck,2010
35588,Geronimo: An American Legend,1993
35685,Lady Chatterley's Lover,1981
35688,Why Did I Get Married Too?,2010
35690,The Last Song,2010
35712,Secret Things,2002
35854,Flash Point,2007
35862,Wedding Trough,1975
35967,Baptism of Blood,2007
36073,Guinea Pig Part 2: Flower of Flesh and Blood,1985
36095,Cure,1997
36218,Pokémon: Jirachi - Wish Maker,2003
36225,Oxen Split Torturing,1976
36231,Guinea Pig Part 4: Devil Doctor Woman,1986
36239,Slaughtered Vomit Dolls,2006
36243,"Godzilla, Mothra and King Ghidorah: Giant Monsters All-Out Attack",2001
36355,Flipper,1996
36419,After.Life,2009
36421,Howling VI: The Freaks,1991
36557,Casino Royale,2006
36568,Paulie,1998
36586,Blade II,2002
36593,Naked Gun 33⅓: The Final Insult,1994
36643,The World Is Not Enough,1999
36647,Blade,1998
36648,Blade: Trinity,2004
36669,Die Another Day,2002
36670,Never Say Never Again,1983
36685,The Rocky Horror Picture Show,1975
36728,Naruto Shippuden the Movie: The Will of Fire,2009
36819,Time Bandits,1981
36865,The Disappearance of Haruhi Suzumiya,2010
36885,Schoolgirls Growing Up,1972
36934,American Shaolin,1991
36955,True Lies,1994
37034,True Legend,2010
37056,Letters to Juliet,2010
37094,Falling Down,1993
37108,A Kid in King Arthur's Court,1995
37135,Tarzan,1999
37136,The Naked Gun: From the Files of Police Squad!,1988
37137,The Naked Gun 2½: The Smell of Fear,1991
37141,The Babysitter,1995
37165,The Truman Show,1998
37169,The Human Centipede (First Sequence),2009
37172,Athadu,2005
37211,Scooby-Doo! and the Reluctant Werewolf,1988
37233,The Firm,1993
37247,The Graduate,1967
37257,Witness for the Prosecution,1957
37265,All Ladies Do It,1992
37280,Crayon Shin-chan: The Adult Empire Strikes Back,2001
37292,Broken Arrow,1950
37347,Fort Apache,1948
37412,Warlock,1959
37430,Conan the Barbarian,2011
37593,Lone Star,1952
37632,The Order,2001
37645,22 Bullets,2010
37686,Super 8,2011
37702,Forbidden City Cop,1996
37707,Splice,2010
37710,The Tourist,2010
37714,The Assassin Next Door,2009
37724,Skyfall,2012
37725,It's a Boy Girl Thing,2006
37735,Easy A,2010
37786,Sex and the City 2,2010
37797,Whisper of the Heart,1995
37799,The Social Network,2010
37821,Killers,2010
37834,Knight and Day,2010
37861,Valhalla Rising,2009
37903,The White Ribbon,2009
37905,The Horde,2010
37910,Voices of a Distant Star,2002
37933,Tales from Earthsea,2006
37936,Happy Birthday to Me,1981
37950,Charlie St. Cloud,2010
37958,Immortals,2011
38050,The Adjustment Bureau,2011
38055,Megamind,2010
38057,The Secret of the Magic Gourd,2007
38117,Beastly,2011
38142,5 Centimeters per Second,2007
38167,Eat Pray Love,2010
38199,Unthinkable,2010
38234,Undisputed III: Redemption,2010
38303,You Again,2010
38317,Zookeeper,2011
38321,Priest,2011
38322,"Big Mommas: Like Father, Like Son",2011
38356,Transformers: Dark of the Moon,2011
38357,Morning Glory,2010
38358,The Last Exorcism,2010
38360,The Cranes Are Flying,1957
38365,Grown Ups,2010
38408,Life As We Know It,2010
38410,The Poughkeepsie Tapes,2007
38543,Ironclad,2011
38551,Snakes and Earrings,2008
38567,xxxHOLiC The Movie: A Midsummer Night's Dream,2005
38575,The Karate Kid,2010
38582,Godzilla vs. Mechagodzilla,1974
38594,Dragon Ball: Yo! Son Goku and His Friends Return!!,2008
38602,Little Lord Fauntleroy,1980
38684,Jane Eyre,2011
38700,Bad Boys for Life,2020
38718,Reversal of Fortune,1990
38745,Gulliver's Travels,2010
38757,Tangled,2010
38765,Chisum,1970
38778,Dinner for Schmucks,2010
38810,Dogtooth,2009
38842,Middle Men,2009
38843,Ramona and Beezus,2010
38985,Sorcerer,1977
39013,Winter's Bone,2010
39057,Pokémon: Arceus and the Jewel of Life,2009
39100,Dragon Ball Z: The World's Strongest,1990
39101,Dragon Ball Z: The Tree of Might,1990
39102,Dragon Ball Z: Lord Slug,1991
39103,Dragon Ball Z: The Return of Cooler,1992
39104,Dragon Ball Z: Super Android 13!,1992
39105,Dragon Ball Z: Bojack Unbound,1993
39106,Dragon Ball Z: Bio-Broly,1994
39107,Dragon Ball Z: Fusion Reborn,1995
39108,Dragon Ball Z: Wrath of the Dragon,1995
39144,Dragon Ball: Curse of the Blood Rubies,1986
39145,Dragon Ball: Sleeping Princess in Devil's Castle,1987
39148,Dragon Ball: The Path to Power,1996
39202,Detective Conan: Crossroad in the Ancient Capital,2003
39203,Detective Conan: Magician of the Silver Sky,2004
39204,Detective Conan: Strategy Above the Depths,2005
39205,Detective Conan: The Private Eyes' Requiem,2006
39206,Detective Conan: Jolly Roger in the Deep Azure,2007
39207,Detective Conan: Full Score of Fear,2008
39254,Real Steel,2011
39323,Dragon Ball Z: Bardock - The Father of Goku,1990
39324,Dragon Ball Z: The History of Trunks,1993
39340,Behind Convent Walls,1978
39345,Casper Meets Wendy,1998
39390,A Chinese Torture Chamber Story II,1998
39451,Little Fockers,2010
39486,Secretariat,2010
39513,Paul,2011
39514,RED,2010
39538,Contagion,2011
39545,TiMER,2009
39691,Cats & Dogs: The Revenge of Kitty Galore,2010
39843,Red to Kill,1994
39857,The Untold Story,1993
39863,Star of David: Beauty Hunting,1979
39873,S&M Hunter,1986
39876,Rape! 13th Hour,1977
39924,Exposé,1976
39939,Super Troopers,2001
40092,The Secret Life of Walter Mitty,1947
40105,Dr. Lamb,1992
40108,Emmanuelle: Queen of Sados,1980
40125,Angel of Darkness 2,1995
40132,Emanuelle and the White Slave Trade,1978
40140,Marooned,1969
40172,"Man, Woman & the Wall",2006
40205,16 Wishes,2010
40264,Vampires Suck,2010
40339,Private House of the SS,1977
40342,Demons 2,1986
40348,Black Emanuelle,1975
40394,Salon Kitty,1976
40630,Cheyenne Autumn,1964
40662,Batman: Under the Red Hood,2010
40805,The Green Hornet,2011
40807,50/50,2011
40810,The Street Fighter,1974
40829,Shaolin Wooden Men,1976
40978,Emmanuelle 4,1984
41154,Men in Black 3,2012
41210,The Switch,2010
41216,Legend of the Guardians: The Owls of Ga'Hoole,2010
41233,Step Up 3D,2010
41264,Africa Blood and Guts,1966
41280,Private Lessons,1981
41283,Faster,2010
41308,El padrecito,1964
41387,From Beijing with Love,1994
41402,Let Me In,2010
41428,Tetsuo: The Iron Man,1989
41436,Paranormal Activity 2,2010
41439,Saw 3D,2010
41446,Scream 4,2011
41472,Flower & Snake,2004
41498,One Piece Film: Strong World,2009
41513,The Smurfs,2011
41515,Yogi Bear,2010
41517,Ra.One,2011
41587,Mother's Boys,1993
41630,No Strings Attached,2011
41712,Door to Door,2002
41733,Due Date,2010
41818,Tides of War,2005
41972,Virus,1980
42172,Hardcore,1979
42188,Never Let Me Go,2010
42194,Tekken,2010
42196,The Bad Seed,1956
42246,Tom and Jerry: The Fast and the Furry,2005
42297,Burlesque,2010
42337,Beau Pere,1981
42360,Inuyasha the Movie: Affections Touching Across Time,2001
42384,A Tale of Legendary Libido,2008
42501,Murmur of the Heart,1971
42647,The Twelve Months,1956
42661,The Vikings,1958
42668,Alexander the Great,1956
42684,Skyline,2010
42703,The Way West,1967
42801,"Yesterday, Today and Tomorrow",1963
42888,How Do You Know,2010
42941,30 Days of Night: Dark Days,2010
42949,Arthur 3: The War of the Two Worlds,2010
42966,Once Upon a Time in Mumbaai,2010
42968,The Nun,2005
42994,Memories,1995
43040,Sergeant Rutledge,1960
43074,Ghostbusters,2016
43141,The Matchmaker,1958
43209,Ong Bak 3,2010
43279,Attack Force Z,1982
43347,Love & Other Drugs,2010
43409,Traceless,2010
43430,"The Irony of Fate, or Enjoy Your Bath!",1975
43539,The Next Three Days,2010
43549,The Experiment,2010
43593,Piranha 3D,2010
43641,Superman/Shazam!: The Return of Black Adam,2010
43888,Becky Sharp,1935
43933,Monsters,2010
43947,I Spit on Your Grave,2010
43949,Flipped,2010
43959,Soul Surfer,2011
44037,Lake Placid 3,2010
44040,Devil,2010
44048,Unstoppable,2010
44092,Reign of Assassins,2010
44114,3some,2009
44115,127 Hours,2010
44214,Black Swan,2010
44244,Camp Rock 2: The Final Jam,2010
44251,Dragon Ball Z: Broly - Second Coming,1994
44264,True Grit,2010
44363,Frozen,2010
44564,The Dilemma,2011
44603,Hereafter,2010
44629,Animal Kingdom,2010
44639,Inside Job,2010
44683,Tinker Bell and the Great Fairy Rescue,2010
44727,One Piece: Dead End Adventure,2003
44728,One Piece: Curse of the Sacred Sword,2004
44730,One Piece: Giant Mecha Soldier of Karakuri Castle,2006
44741,Malicious,1973
44826,Hugo,2011
44833,Battleship,2012
44865,The Grandmaster,2013
44874,Barbie: A Fashion Fairytale,2010
44896,Rango,2011
44912,Green Lantern,2011
44918,Titanic II,2010
44943,Battle: Los Angeles,2011
44945,Trust,2010
44977,Dhoom 3,2013
44982,13,2010
45132,Super,2010
45139,Jesus,1979
45162,Superman/Batman: Apocalypse,2010
45202,The Housemaid,2010
45233,Women's Prison Massacre,1983
45243,The Hangover Part II,2011
45269,The King's Speech,2010
45317,The Fighter,2010
45453,Raped by an Angel,1993
45610,Machine Gun Preacher,2011
45612,Source Code,2011
45657,The Ward,2010
45722,Don't Look Down,2008
45752,Scooby-Doo! Camp Scare,2010
45772,Gnomeo & Juliet,2011
45874,Posse,1975
45921,Haunted Echoes,2008
45933,The Nurse on a Military Tour,1977
45967,One Wonderful Sunday,1947
46020,Sharktopus,2010
46104,Amphetamine,2010
46146,Troll Hunter,2010
46195,Rio,2011
46261,Don't Be Afraid of the Dark,2010
46304,Fate/stay night: Unlimited Blade Works,2010
46360,Guns,1990
46420,The Loved Ones,2010
46528,The Warrior's Way,2010
46529,I Am Number Four,2011
46581,Immoral Tales,1974
46588,Zigzag of Success,1968
46665,Triple Dog,2010
46705,Blue Valentine,2010
46713,Hunt to Kill,2010
46738,Incendies,2010
46838,Tucker and Dale vs. Evil,2010
46853,Playing with Love,1977
47327,Drive Angry,2011
47407,Milf,2010
47525,The Magic of Ordinary Days,2005
47533,Scooby-Doo! Curse of the Lake Monster,2010
47570,Maid in Sweden,1971
47578,Legend of the Eight Samurai,1983
47626,Legend of the BoneKnapper Dragon,2010
47634,The Bullet Train,1975
47848,Scent of a Woman,1974
47854,Legend of the Fist: The Return of Chen Zhen,2010
47931,Elite Squad: The Enemy Within,2010
47933,Independence Day: Resurgence,2016
47964,A Good Day to Die Hard,2013
47971,xXx: Return of Xander Cage,2017
48138,Unknown,2011
48171,The Rite,2011
48266,Ma mère,2004
48340,Sanctum,2011
48624,Urotsukidōji: Legend of the Overfiend,1989
48650,Room in Rome,2010
48838,London Boulevard,2010
48844,The Search for Santa Paws,2010
48852,The Choirboys,1977
48988,Hall Pass,2011
49009,The Way Back,2010
49013,Cars 2,2011
49014,Cosmopolis,2012
49017,Dracula Untold,2014
49018,Insidious,2011
49020,Submarine,2011
49021,Killer Elite,2011
49022,Something Borrowed,2011
49026,The Dark Knight Rises,2012
49040,The Bourne Legacy,2012
49046,All Quiet on the Western Front,2022
49047,Gravity,2013
49049,Dredd,2012
49051,The Hobbit: An Unexpected Journey,2012
49283,Sunflower,2006
49292,Animal Instincts,1992
49444,Kung Fu Panda 2,2011
49494,The Eagle,2011
49517,Tinker Tailor Soldier Spy,2011
49519,The Croods,2013
49520,The Change-Up,2011
49521,Man of Steel,2013
49524,R.I.P.D.,2013
49527,Man on a Ledge,2012
49529,John Carter,2012
49530,In Time,2011
49568,1,2009
49633,The King of Kings,1927
49730,Red Riding Hood,2011
49787,The Reef,2010
49797,I Saw the Devil,2010
49849,Cowboys & Aliens,2011
49852,The Nutcracker,2010
49948,Fantasia 2000,2000
49950,The Roommate,2011
49953,A Turtle's Tale: Sammy's Adventures,2010
49964,Where Is The Friend's House?,1987
49971,Sólo con tu pareja,1992
50014,The Help,2011
50022,Super Troopers 2,2018
50087,Pokémon: Zoroark - Master of Illusions,2010
50124,Frivolous Lola,1988
50126,Fallen,2006
50146,The Golden Lotus,1974
50253,Saint Seiya Heaven Chapter: Overture,2004
50268,Love & Passion,1987
50270,Paprika,1991
50321,Mars Needs Moms,2011
50348,The Lincoln Lawyer,2011
50359,Hop,2011
50433,The Alcove,1985
50456,Hanna,2011
50476,Untold Scandal,2003
50544,Friends with Benefits,2011
50546,Just Go with It,2011
50619,The Twilight Saga: Breaking Dawn - Part 1,2011
50620,The Twilight Saga: Breaking Dawn - Part 2,2012
50646,"Crazy, Stupid, Love.",2011
50647,Wanderlust,2012
50671,The Resident,2011
50677,Eyes of an Angel,1991
50698,Grave Encounters,2011
50723,Naruto Shippuden the Movie: The Lost Tower,2010
50725,Take Me Home Tonight,2011
50727,The Servant,2010
50804,The Secret Path,1999
50839,Margin Call,2011
51052,Arthur Christmas,2011
51162,Winnie the Pooh,2011
51170,Open Season 3,2010
51200,71: Into the Fire,2010
51209,Kill the Irishman,2011
51390,We Jam Econo: The Story of the Minutemen,2005
51481,Mean Girls 2,2011
51482,Death Note Relight 1: Visions of a God,2009
51533,Let the Bullets Fly,2010
51540,Horrible Bosses,2011
51608,The Man from Nowhere,2010
51620,Death Race 2,2010
51739,The Secret World of Arrietty,2010
51828,One Day,2011
51876,Limitless,2011
51940,"Happy New Year, Charlie Brown",1986
52212,Miranda,1985
52449,Bad Teacher,2011
52451,The Three Musketeers,2011
52520,Underworld: Awakening,2012
52629,El Infierno,2010
52767,The Hunter,2010
53064,Midori,1992
53172,Henry's Crime,2010
53182,300: Rise of an Empire,2014
53604,Spring 1941,2007
53932,The Ages of Lulu,1990
54054,One for the Money,2012
54065,Bambola,1996
54138,Star Trek Into Darkness,2013
54156,First Desires,1983
54271,The Big Bang,2011
54309,The Night Before the Exams Today,2007
54318,The Water Horse,2007
54445,S.W.A.T.: Firefight,2011
54540,Beverly Hills Chihuahua 2,2011
54989,Love Strange Love,1982
55156,Hail the Judge,1994
55292,Shaolin,2011
55301,Alvin and the Chipmunks: Chipwrecked,2011
55341,Jeepers Creepers 3,2017
55347,Beginners,2011
55368,"Lacombe, Lucien",1974
55420,Another Earth,2011
55465,A Very Harold & Kumar Christmas,2011
55580,P.O. Box Tinto Brass,1995
55685,To Be Twenty,1978
55721,Bridesmaids,2011
55779,Final Destination 5,2011
55787,Water for Elephants,2011
55846,Blitz,2011
55860,Tarzan Triumphs,1943
55890,Bereavement,2010
55931,The Animatrix,2003
56288,Spy Kids: All the Time in the World,2011
56292,Mission: Impossible - Ghost Protocol,2011
56373,Day of Anger,1967
56379,Beach House,1977
56715,Just Visiting,2001
56793,Long Live the Seal,1982
56832,Gantz,2010
57084,Satanic Pandemonium,1975
57089,Hoodwinked Too! Hood VS. Evil,2011
57158,The Hobbit: The Desolation of Smaug,2013
57165,Wrath of the Titans,2012
57201,The Lone Ranger,2013
57212,War Horse,2011
57214,Project X,2012
57224,Bio Hunter,1995
57283,Häxan,1922
57400,The Human Resources Manager,2010
57431,The Sitter,2011
57703,Norwegian Wood,2010
57718,Megamind: The Button of Doom,2011
57737,Barbie: A Fairy Secret,2011
57800,Ice Age: Continental Drift,2012
58008,Night Nurse,1979
58151,Fright Night,2011
58224,Mr. Popper's Penguins,2011
58233,Johnny English Reborn,2011
58244,Upside Down,2012
58431,Pride and Prejudice and Zombies,2016
58496,Senna,2010
58553,Porno,1990
58574,Sherlock Holmes: A Game of Shadows,2011
58595,Snow White and the Huntsman,2012
58626,The Hit List,2011
58767,Sniper: Reloaded,2011
58857,13 Assassins,2010
59053,The Raffle,1991
59108,Tower Heist,2011
59115,Quarantine 2: Terminal,2011
59210,The Mother,2003
59387,The Powerpuff Girls Movie,2002
59408,Deep End,1971
59421,Bedevilled,2010
59436,Midnight in Paris,2011
59440,Warrior,2011
59468,The Way,2010
59529,The State Counsellor,2005
59678,Attack the Block,2011
59709,Britannic,2000
59859,Kick-Ass 2,2013
59860,Monte Carlo,2011
59861,Larry Crowne,2011
59940,Zebra Lounge,2001
59961,Safe House,2012
59962,This Means War,2012
59965,Abduction,2011
59967,Looper,2012
59968,Our Idiot Brother,2011
60243,A Separation,2011
60293,Tom and Jerry: Shiver Me Whiskers,2006
60304,Hansel & Gretel: Witch Hunters,2013
60307,Diary of a Wimpy Kid: Rodrick Rules,2011
60308,Moneyball,2011
60405,Sharpay's Fabulous Adventure,2011
60534,The Silence,2010
60599,Arbitrage,2012
60670,The Crimson Rivers,2000
60672,Crimson Rivers II: Angels of the Apocalypse,2004
60747,Red Dawn,2012
60898,Erotic Ghost Story,1990
60903,Laxdale Hall,1953
60935,The Thing,2011
60957,Bakunyuu J no Shogeki,2007
61012,Silent Hill: Revelation 3D,2012
61202,Zindagi Na Milegi Dobara,2011
61678,Femalien 2,1998
61722,Sennentuntschi: Curse of the Alps,2010
61791,Rise of the Planet of the Apes,2011
61807,Ethan Frome,1993
61823,The Ape Woman,1964
61891,Anonymous,2011
61979,Three Steps Above Heaven,2010
62046,Flypaper,2011
62177,Brave,2012
62206,30 Minutes or Less,2011
62211,Monsters University,2013
62213,Dark Shadows,2012
62214,Frankenweenie,2012
62215,Melancholia,2011
62367,Come Home and Meet My Wife,1974
62564,"Turn Me On, Dammit!",2011
62568,Angel Heart,1995
62764,Mirror Mirror,2012
62835,Colombiana,2011
62838,New Year's Eve,2011
62961,Metal Skin Panic MADOX-01,1987
63178,Totó in color,1952
63193,Front of the Class,2008
63197,Megan Is Missing,2011
63311,The Skin I Live In,2011
63319,Belle épine,2010
63360,The Initiation,1984
63492,What's Your Number?,2011
64084,Scorned,1993
64266,Demobbed,2000
64328,The Muppets,2011
64348,Robotrix,1991
64378,Canadian Pacific,1949
64494,Malibu Express,1985
64530,Chinese Erotic Ghost Story,1998
64557,Playing with Fire,1975
64586,Sleeping Beauty,2011
64635,Total Recall,2012
64639,Straw Dogs,2011
64665,Sins of Sister Lucia,1978
64682,The Great Gatsby,2013
64685,Extremely Loud & Incredibly Close,2011
64686,47 Ronin,2013
64688,21 Jump Street,2012
64689,Killing Them Softly,2012
64690,Drive,2011
64720,Take Shelter,2011
64807,Grudge Match,2013
65034,Too Big to Fail,2011
65055,Shark Night 3D,2011
65057,The Descendants,2011
65086,The Woman in Black,2012
65218,Lemonade Mouth,2011
65291,Green Lantern: Emerald Knights,2011
65364,Sexual Predator,2001
65496,Student Services,2010
65650,The Good Doctor,2011
65754,The Girl with the Dragon Tattoo,2011
65759,Happy Feet Two,2011
65760,The Whistleblower,2010
66039,Siren X,2008
66075,My Father's Private Secretary,1976
66105,Saint Seiya: Legend of Crimson Youth,1988
66435,Madame du Barry,1954
66587,Hot Wheels AcceleRacers: The Ultimate Race,2005
66916,Love on a Pillow,1962
66945,Love's Kitchen,2011
67120,Sex and the Emperor,1994
67263,Alpine Fire,1985
67343,Mr. Vampire II,1986
67350,Vampire Vs. Vampire,1989
67395,L.E.T.H.A.L. Ladies: Return to Savage Beach,1998
67396,Day of the Warrior,1996
67554,Lucrèce Borgia,1953
67660,Think Like a Man,2012
67748,Snowtown,2011
68179,Escape from Planet Earth,2013
68335,Now & Later,2009
68341,Cold Fish,2011
68507,Jan Dara,2001
68555,Death Note Relight 2: L's Successors,2009
68634,My Flesh My Blood,2009
68718,Django Unchained,2012
68721,Iron Man 3,2013
68722,The Master,2012
68724,Elysium,2013
68726,Pacific Rim,2013
68727,Trance,2013
68728,Oz the Great and Powerful,2013
68730,Silence,2016
68734,Argo,2012
68735,Warcraft,2016
68737,Seventh Son,2014
68812,The Iceman,2012
68817,Footloose,2011
68828,Outlanders,1986
68833,The Perfect Education,1999
68882,Strange Occasion,1976
69169,Tattoo,1981
69526,The Assassination Bureau,1969
69735,Batman: Year One,2011
70006,Never Back Down 2: The Beatdown,2011
70074,Bullet to the Head,2012
70160,The Hunger Games,2012
70345,Sssssss,1973
70410,The Public Woman,1984
70435,Haywire,2011
70436,The Raven,2012
70578,Trespass,2011
70609,Schoolgirl Report Part 5: What All Parents Should Know,1973
70841,Doraemon: Nobita's Dinosaur,2006
70844,Superior Firepower: Making 'Aliens',2003
70981,Prometheus,2012
71186,The Rifleman of the Voroshilov Regiment,1999
71325,With Every Heartbeat,2011
71469,The Darkest Hour,2011
71552,American Reunion,2012
71668,Piranha 3DD,2012
71670,Hostel: Part III,2011
71672,Wrong Turn 4: Bloody Beginnings,2011
71676,Ghost Rider: Spirit of Vengeance,2011
71677,Assassination Games,2011
71688,The Iron Lady,2011
71689,Phineas and Ferb The Movie: Across the 2nd Dimension,2011
71776,Hospitals: The White Mafia,1973
71859,We Need to Talk About Kevin,2011
71880,Jack and Jill,2011
71883,Redline,2009
72105,Ted,2012
72190,World War Z,2013
72197,The Pirates! In an Adventure with Scientists!,2012
72207,The Five-Year Engagement,2012
72213,Courageous,2011
72331,Abraham Lincoln: Vampire Hunter,2012
72358,A Thousand Words,2012
72387,Safe,2012
72431,Red Tails,2012
72545,Journey 2: The Mysterious Island,2012
72559,G.I. Joe: Retaliation,2013
72570,The Vow,2012
72571,Paranormal Activity 3,2011
72710,The Host,2013
72784,The Loft,2014
72808,The Flesh,1991
72976,Lincoln,2012
73134,Tender Cousins,1980
73196,The Jail: The Women's Hell,2006
73245,Bleach the Movie: Hell Verse,2010
73456,Barbie: Princess Charm School,2011
73475,Call of the Blonde Goddess,1977
73499,The Double,2011
73723,The Lorax,2012
73861,A Serbian Film,2010
73881,Thawing Out,2009
73961,Richie Rich's Christmas Wish,1998
74018,A Cinderella Story: Once Upon a Song,2011
74078,Scars,2005
74135,Gantz: Perfect Answer,2011
74308,Detachment,2011
74387,Goon,2012
74465,We Bought a Zoo,2011
74513,Special Forces,2011
74529,The Sins of Rachel Cade,1961
74534,The Best Exotic Marigold Hotel,2012
74536,The Son of No One,2011
74643,The Artist,2011
74725,Kill List,2011
74887,Sex and Zen II,1996
74997,The Human Centipede 2 (Full Sequence),2011
75174,The Grey,2012
75258,Secret of the Wings,2012
75268,Stories Our Nannies Don't Tell,1979
75432,Sweet Sex and Love,2003
75612,Oblivion,2013
75622,Rampart,2011
75624,Naruto Shippuden the Movie: Blood Prison,2011
75629,Evangelion: 3.0 You Can (Not) Redo,2012
75638,Red Lights,2012
75656,Now You See Me,2013
75674,Act of Valor,2012
75736,Catch.44,2011
75780,Jack Reacher,2012
75948,The Sorcerer and the White Snake,2011
76025,Shame,2011
76163,The Expendables 2,2012
76203,12 Years a Slave,2013
76285,Percy Jackson: Sea of Monsters,2013
76338,Thor: The Dark World,2013
76341,Mad Max: Fury Road,2015
76489,The Three Stooges,2012
76492,Hotel Transylvania,2012
76493,The Dictator,2012
76494,What to Expect When You're Expecting,2012
76589,Justice League: Doom,2012
76600,Avatar: The Way of Water,2022
76617,Texas Chainsaw 3D,2013
76640,The Last Stand,2013
76649,Pompeii,2014
76726,Chronicle,2012
76757,Jupiter Ascending,2015
76758,The Flowers of War,2011
76837,Yuma,1971
77016,End of Watch,2012
77174,ParaNorman,2012
77338,The Intouchables,2011
77459,A Monster in Paris,2011
77617,Detective Conan: Quarter of Silence,2011
77805,Lovelace,2013
77866,Contraband,2012
77877,The Lucky One,2012
77883,The Possession,2012
77887,Hawaiian Vacation,2011
77930,Magic Mike,2012
77931,The Smurfs 2,2013
77948,The Cold Light of Day,2012
77949,The Awakening,2011
77950,Turbo,2013
77951,Walking with Dinosaurs,2013
77953,The Campaign,2012
77987,Only God Forgives,2013
78049,The Scorpion King 3: Battle for Redemption,2012
78381,Twixt,2011
78428,Erotic Ghost Story II,1991
79082,One Piece 3D: Straw Hat Chase,2011
79218,Ice Age: A Mammoth Christmas,2011
79224,War of the Arrows,2011
79379,Book of Dragons,2011
79443,The Smurfs: A Christmas Carol,2011
79514,Dear Caroline,1951
79518,Naked,2006
79548,Gone,2012
79707,Children Who Chase Lost Voices,2011
79871,Crazy Love,1993
80035,The Watch,2012
80057,The Treasure of Cantenac,1950
80184,The Hidden Face,2011
80207,Bambina,1974
80271,LOL,2012
80274,Ender's Game,2013
80278,The Impossible,2012
80280,[REC]³ Genesis,2012
80295,14 and Under,1973
80321,Madagascar 3: Europe's Most Wanted,2012
80389,Get the Gringo,2012
80518,Fullmetal Alchemist: The Sacred Star of Milos,2011
80585,Rock of Ages,2012
80705,Westfront 1918,1930
80785,Amazon Jail,1982
80788,Beautiful Teacher in Torture Hell,1985
80794,Daughter of Darkness,1993
81005,Jack the Giant Slayer,2013
81188,Rise of the Guardians,2012
81218,Devilish Education,1995
81231,The Linnet,1982
81250,Geek Charming,2011
81390,A Lonely Place to Die,2011
81467,Laura's Toys,1975
81481,Silenced,2011
81529,The Story of Linda,1981
81671,L'immoralità,1978
81672,Appassionata,1974
81684,The Gruffalo's Child,2011
81774,Exploits of a Young Don Juan,1986
81796,Lockout,2012
81870,Flying Swords of Dragon Gate,2011
82023,Hotel Desire,2011
82386,Ranma 1/2: Team Ranma vs. the Legendary Phoenix,1994
82424,Small Fry,2011
82505,House at the End of the Street,2012
82507,Sinister,2012
82525,Savages,2012
82633,Lawless,2012
82650,Diary of a Wimpy Kid: Dog Days,2012
82654,Warm Bodies,2013
82675,Taken 2,2012
82682,Gangster Squad,2013
82690,Wreck-It Ralph,2012
82693,Silver Linings Playbook,2012
82695,Les Misérables,2012
82700,After Earth,2013
82702,How to Train Your Dragon 2,2014
82703,Mr. Peabody & Sherman,2014
82881,Tangled Ever After,2012
82990,Paranormal Activity 4,2012
83088,Saint Seiya: Warriors of the Final Holy Battle,1989
83090,Saint Seiya: Evil Goddess Eris,1987
83091,Saint Seiya: The Heated Battle of the Gods,1988
83201,Puss in Boots: The Three Diablos,2012
83389,From Up on Poppy Hill,2011
83533,Avatar: Fire and Ash,2025
83542,Cloud Atlas,2012
83666,Moonrise Kingdom,2012
83686,The Words,2012
83738,"After Fall, Winter",2012
83770,On the Road,2012
83899,You're Next,2013
83965,The Thirteenth Year,1999
84188,Compliance,2012
84199,The First Time,2012
84308,"Madrid, 1987",2012
84348,V/H/S,2012
84427,House of Pleasures,2011
84706,Colour Blossoms,2004
84892,The Perks of Being a Wallflower,2012
85350,Boyhood,2014
85430,Girl Play,2004
85446,Step Up Revolution,2012
85621,Men in Hope,2011
85715,Arsenal,1929
85877,The 33D Invader,2011
86003,Girl Hell 1999,1999
86130,Pixie Hollow Games,2011
86328,Terrifier,2011
86331,Desire,2011
86461,Hanna D: The Girl from Vondel Park,1984
86493,She Devils of the SS,1973
86742,Beyond Atlantis,1973
86825,Stoker,2013
86828,Absolutely Anything,2015
86829,Inside Llewyn Davis,2013
86834,Noah,2014
86835,Knight of Cups,2015
86837,Amour,2012
86838,Seven Psychopaths,2012
87093,Big Eyes,2014
87101,Terminator Genisys,2015
87421,Riddick,2013
87428,That's My Boy,2012
87492,Foxcatcher,2014
87496,The Company You Keep,2012
87502,Flight,2012
87516,Oldboy,2013
87567,The Big Wedding,2013
87584,Celebrity Sex Tape,2012
87818,Movie 43,2013
87825,Trouble with the Curve,2012
87826,Here Comes the Boom,2012
87827,Life of Pi,2012
87884,The Teacher,1974
88042,Parental Guidance,2012
88108,Emmanuelle in Space 4: Concealed Fantasy,1994
88557,Pokémon the Movie: White - Victini and Zekrom,2011
88751,Journey to the Center of the Earth,2008
88794,J. Edgar,2011
88941,A Scream in the Streets,1973
89156,Rose,2012
89469,Love and Desire,1951
89492,This Is 40,2012
89636,Dragon Ball Z: Plan to Eradicate the Super Saiyans,2010
89888,Wyatt Earp's Revenge,2012
89899,The Players,2012
90730,Sadomania,1981
90934,The Underground Banker,1994
91314,Transformers: Age of Extinction,2014
91342,Barbie in A Mermaid Tale 2,2012
91417,Dragons: Gift of the Night Fury,2011
91586,Insidious: Chapter 2,2013
91745,Romeo & Juliet,2013
92766,Transmutations,1985
93456,Despicable Me 2,2013
93685,Swingers,2002
93828,Welcome to the Punch,2013
93856,Chernobyl Diaries,2012
94047,My Way,2011
94329,The Raid,2012
94348,Alex Cross,2012
94365,The Human Centipede 3 (Final Sequence),2015
94901,About Cherry,2012
95563,The Naughty Stewardesses,1975
95610,Bridget Jones's Baby,2016
96721,Rush,2013
96724,Anna Karenina,2012
96936,The Bling Ring,2013
97020,RoboCop,2014
97051,Would You Rather,2013
97365,Rust and Bone,2012
97367,The Place Beyond the Pines,2013
97370,Under the Skin,2014
97375,Detective Conan: The Lost Ship in the Sky,2010
97430,The Man with the Iron Fists,2012
97614,Deadfall,2012
97630,Zero Dark Thirty,2012
98008,Attraction,1969
98357,Broken City,2013
98566,Teenage Mutant Ninja Turtles,2014
98567,Chinese Zodiac,2012
98632,Antony and Cleopatra,1972
99099,Shogun's Joy of Torture,1968
99770,Asterix & Obelix: God Save Britannia,2012
99861,Avengers: Age of Ultron,2015
99984,Rosie Dixon - Night Nurse,1978
100042,Dumb and Dumber To,2014
100241,"I, Frankenstein",2014
100402,Captain America: The Winter Soldier,2014
100464,Rape!,1976
101299,The Hunger Games: Catching Fire,2013
102362,Dead Man Down,2013
102382,The Amazing Spider-Man 2,2014
102629,El Gringo,2012
102651,Maleficent,2014
102899,Ant-Man,2015
103269,Superman vs. The Elite,2012
103332,Ruby Sparks,2012
103620,Maniac,2012
103663,The Hunt,2012
103731,Mud,2013
104524,Helter Skelter,2012
104755,The Lords of Salem,2013
104859,Mac & Devin Go to High School,2012
105814,The Imp,1996
105819,The Peeping Tom,1997
105825,Erotic Ghost Story III,1992
105832,Eros School: Feels So Good,1977
105864,The Good Dinosaur,2015
105904,Naked Poison,2000
105965,Beverly Hills Chihuahua 3: Viva la Fiesta!,2012
106164,Doraemon: Nobita and the Galaxy Super-express,1996
106646,The Wolf of Wall Street,2013
106747,Machete Kills,2013
107257,A Perfect Ending,2012
107406,Oscenità,1980
107456,Some Nudity Required,1998
107748,Sin tetas no hay paraíso,2010
107846,Escape Plan,2013
107985,The World's End,2013
108072,Killing of the Flesh,1983
108134,Sketch Artist,1992
108450,The Smile of the Fox,1992
109091,The Counselor,2013
109410,42,2013
109414,This Is the End,2013
109418,Grown Ups 2,2013
109421,Side Effects,2013
109424,Captain Phillips,2013
109428,Evil Dead,2013
109431,Identity Thief,2013
109439,The Hangover Part III,2013
109443,Anchorman 2: The Legend Continues,2013
109445,Frozen,2013
109451,Cloudy with a Chance of Meatballs 2,2013
109491,Beautiful Creatures,2013
109520,After Porn Ends,2012
109535,Purgatory,1998
109689,I Want You,2012
110143,Craving Desire,1993
110415,Snowpiercer,2013
110416,Song of the Sea,2014
110420,Wolf Children,2012
110552,The Protector 2,2013
111083,The Body,2012
111190,Adore,2013
111224,Ghost in the Shell: S.A.C. 2nd GIG - Individual Eleven,2006
111934,Concrete,2004
111969,Stuck in Love,2013
112160,Sexual Chronicles of a French Family,2012
112205,The Family,2013
112336,Hitchcock,2012
112355,What the Peeper Saw,1972
112454,Clown,2014
112631,Daniel & Ana,2009
112949,Safe Haven,2013
113082,Berserk: The Golden Age Arc I - The Egg of the King,2012
113594,A Turtle's Tale 2: Sammy's Escape from Paradise,2012
113757,Up in Arms,1944
113833,The Normal Heart,2014
113947,The Sessions,2012
114150,Pitch Perfect,2012
114478,Starship Troopers: Invasion,2012
115290,Blue Lagoon: The Awakening,2012
115348,Paranoia,2013
115782,Jobs,2013
116005,Love Actually... Sucks!,2012
116149,Paddington,2014
116322,The Legend of La Llorona,2011
116613,The Sweeney,2012
116711,Epic,2013
116743,Snow White,1995
116745,The Secret Life of Walter Mitty,2013
116776,Dragon Ball: Mystical Adventure,1988
117251,White House Down,2013
117263,Olympus Has Fallen,2013
118249,Thriller Night,2011
118340,Guardians of the Galaxy,2014
118379,Viva Erotica,1996
118406,Road to Ninja: Naruto the Movie,2012
118412,Berserk: The Golden Age Arc II - The Battle for Doldrey,2012
118451,Eungyo,2012
118957,Bait,2012
119156,Sex Hunter: Wet Target,1972
119283,Parker,2013
119450,Dawn of the Planet of the Apes,2014
119675,Behind the Candelabra,2013
119698,The Dinosaur Project,2012
119738,Thunderstruck,2012
119866,Memoirs of a Lady Ninja,2009
119892,The Monkey King,2014
120467,The Grand Budapest Hotel,2014
120475,Dragon Ball: Episode of Bardock,2011
121342,Giovannona Long-Thigh,1973
121514,Miracolo italiano,1994
121734,"Tad, the Lost Explorer",2012
121823,Tai Chi Zero,2012
121824,Stand Up Guys,2012
121856,Assassin's Creed,2016
121986,Frances Ha,2013
122081,Spring Breakers,2013
122126,The Concubine,2012
122583,Detective Conan: The Eleventh Striker,2012
122800,Freelancers,2012
122857,Universal Soldier: Day of Reckoning,2012
122906,About Time,2013
122917,The Hobbit: The Battle of the Five Armies,2014
123025,"Batman: The Dark Knight Returns, Part 1",2012
123069,Swedish Wildcats,1972
123229,Porn in the Hood,2012
123338,Sex and Zen III,1998
123553,The Mortal Instruments: City of Bones,2013
124157,The Thieves,2012
124905,Godzilla,2014
125157,"Eleven Days, Eleven Nights",1987
125509,Wrong Turn 5: Bloodlines,2012
126172,Leprechaun: Origins,2014
126816,I Can Make You Love Me,1993
126889,Alien: Covenant,2017
126963,Dragon Ball Z: Battle of Gods,2013
127372,Emperor,2012
127380,Finding Dory,2016
127493,Stolen,2012
127521,6 Bullets,2012
127533,Rurouni Kenshin Part I: Origins,2012
127585,X-Men: Days of Future Past,2014
127648,Vampireland,2012
127651,The Seasoning House,2012
128048,Sea Devils,1953
128339,Lover Boy,1975
129123,Erotic Nightmare,1999
129139,The To Do List,2013
129533,Barbie: The Princess & the Popstar,2012
130150,Labor Day,2013
130297,The Naked Hills,1956
130816,Abraham Lincoln,1930
131631,The Hunger Games: Mockingjay - Part 1,2014
131634,The Hunger Games: Mockingjay - Part 2,2015
132232,Mama,2013
132344,Before Midnight,2013
132363,The Butler,2013
133121,Resident Evil: Damnation,2012
133200,Masquerade,2012
133601,The Neighbors,2012
133805,Carrie,2013
134366,Grave Encounters 2,2012
134374,Pain & Gain,2013
134375,Home Alone: The Holiday Heist,2012
134411,Snitch,2013
134597,The Collection,2012
134632,Monster High: Ghouls Rule,2012
134764,Due West: Our Sex Journey,2012
135309,Lake Placid: The Final Chapter,2013
135397,Jurassic World,2015
135858,Dungeons & Dragons: The Book of Vile Darkness,2012
136400,2 Guns,2013
136418,Hummingbird,2013
136795,The Heat,2013
136797,Need for Speed,2014
136799,Trolls,2016
136835,No Good Deed,2014
137051,Midnight Matinee,1988
137093,Last Vegas,2013
137094,Jack Ryan: Shadow Recruit,2014
137106,The Lego Movie,2014
137113,Edge of Tomorrow,2014
137116,Smurfs: The Lost Village,2017
137227,Doraemon: Nobita and the New Steel Troops: Winged Angels,2011
137321,Winter's Tale,2014
138103,The Expendables 3,2014
138446,Men and Beasts,1962
138697,Don Jon,2013
138832,We're the Millers,2013
138843,The Conjuring,2013
139038,A Haunted House,2013
139341,Mysteries,1978
139567,Fire with Fire,2012
140240,The Weapon,2012
140300,Kung Fu Panda 3,2016
140420,Paperman,2012
140607,Star Wars: The Force Awakens,2015
140718,Tito,2004
140818,Ragnarok,2013
141052,Justice League,2017
142061,"Batman: The Dark Knight Returns, Part 2",2013
142093,The Intimate,2005
142807,The Man from Karpazia,1969
143146,Ritual,2013
143451,Arcana,1972
143477,Deep Throat in Tokyo,1975
143480,Newlywed Hell,1975
144069,The Corruption,1986
144288,Berserk: The Golden Age Arc III - The Advent,2013
144336,Sabotage,2014
144616,Sofia the First: Once Upon a Princess,2012
145135,Dark Skies,2013
146198,Triple 9,2016
146203,The Last Exorcism Part II,2013
146216,RED 2,2013
146227,Getaway,2013
146233,Prisoners,2013
146238,Runner Runner,2013
146239,Delivery Man,2013
146301,Paranormal Activity: The Ghost Dimension,2015
146451,Private Number 91-Karlsson,1946
147441,Exodus: Gods and Kings,2014
147773,The Way Way Back,2013
148034,The Elusive Summer of '68,1984
148347,The Jungle,2012
149509,Horns,2013
149870,The Wind Rises,2013
149871,The Tale of The Princess Kaguya,2013
150273,The Return,1980
150354,The Making of 'Jurassic Park',1995
150540,Inside Out,2015
150689,Cinderella,2015
151512,Jan Dara: The Beginning,2012
151960,Planes,2013
152532,Dallas Buyers Club,2013
152584,Blue Is the Warmest Color,2013
152599,The Immigrant,2013
152601,Her,2013
152603,Only Lovers Left Alive,2013
152742,The Best Offer,2013
152747,All Is Lost,2013
152760,The Monuments Men,2014
153104,Wicked Minds,2003
153158,Underdogs,2013
153518,The Angry Birds Movie,2016
154400,The Drop,2014
155084,13 Sins,2014
155128,The Body,1974
155242,La ley del monte,1976
156022,The Equalizer,2014
156643,The Last Tycoon,2012
156717,Death Race: Inferno,2013
157336,Interstellar,2014
157350,Divergent,2014
157353,Transcendence,2014
157386,The Spectacular Now,2013
157433,Pet Sematary,2019
157544,The Vatican Tapes,2015
157547,Oculus,2013
157841,The Young and Prodigious T.S. Spivet,2013
157849,A Most Wanted Man,2014
158011,The Call,2013
158015,The Purge,2013
158852,Tomorrowland,2015
158999,Blackfish,2013
159117,V/H/S/2,2013
159824,Hotel Transylvania 2,2015
160139,Night Train to Lisbon,2013
160588,Blue Jasmine,2013
160806,Street Angels,1996
165213,New World,2013
166424,Fantastic Four,2015
166426,Pirates of the Caribbean: Dead Men Tell No Tales,2017
166428,How to Train Your Dragon: The Hidden World,2019
166589,Sin Takes a Holiday,1930
166666,3096 Days,2013
167032,Curse of Chucky,2013
167073,Brooklyn,2015
167313,Monster High: Why Do Ghouls Fall in Love?,2012
167439,Mermaid Legend,1984
167830,Incontri proibiti,1998
168027,Freaky Deaky,2012
168098,Cell,2016
168259,Furious 7,2015
168530,Ride Along,2014
168672,American Hustle,2013
168676,Company of Heroes,2013
168705,BloodRayne,2005
168903,Barbie in the Pink Shoes,2013
169209,Empire State,2013
169219,The Dyatlov Pass Incident,2013
169813,Short Term 12,2013
169881,The Physician,2013
169917,A Walk Among the Tombstones,2014
169934,Iron Man: Rise of Technovore,2013
170522,Asterix: The Mansions of the Gods,2014
170647,A Perfect Child of Satan,2012
170657,Journey to the West: Conquering the Demons,2013
170687,The Boxtrolls,2014
171106,Kirara,2000
171274,Inherent Vice,2014
171424,The Green Inferno,2013
172226,In Secret,2013
172385,Rio 2,2014
172752,Cash on Delivery,1992
172760,China Dolls,1992
173129,The Golden Lotus: Love and Desire,1991
173185,It Boy,2013
173536,Le Prince Miiaou,2013
173705,Female Teacher: In Front of the Students,1982
174321,The English Teacher,2013
174751,Jane Got a Gun,2015
174772,Europa Report,2013
175112,Tinker Bell and the Pirate Fairy,2014
175168,Rape Zombie: Lust of the Dead,2012
175574,Free Birds,2013
175774,Ruby Red,2013
176241,Prison Break: The Final Break,2009
176983,One Piece Film: Z,2012
177343,The Outcast,1954
177351,The Year of Jacky Cheung: World Tour 07,2007
177572,Big Hero 6,2014
177677,Mission: Impossible - Rogue Nation,2015
177888,Teen Beach Movie,2013
178809,The Colony,2013
179144,The Great Beauty,2013
179387,Heavenly Touch,2009
179826,Odd Thomas,2013
180147,We Are the Nobles,2013
180299,The Raid 2,2014
180863,T2 Trainspotting,2017
180894,Ninja: Shadow of a Tear,2013
181283,Child 44,2015
181533,Night at the Museum: Secret of the Tomb,2014
181808,Star Wars: The Last Jedi,2017
181812,Star Wars: The Rise of Skywalker,2019
181886,Enemy,2014
182560,Dark Places,2015
183011,Justice League: The Flashpoint Paradox,2013
183392,Capturing Avatar,2010
184068,An Amorous Woman of Tang Dynasty,1984
184098,Think Like a Man Too,2014
184125,Assault on Wall Street,2013
184314,Young & Beautiful,2013
184315,Hercules,2014
184341,Hands of Stone,2016
184345,A Haunted House 2,2014
184346,Deliver Us from Evil,2014
184608,Saint☆Young Men,2013
185008,Yeh Jawaani Hai Deewani,2013
185133,Time Adventure: 5 Seconds Til Climax,1986
185652,Female Teacher in Rope Hell,1981
185664,Nun in Rope Hell,1984
185698,Double Rope Torture,1985
185708,Beauty Rope Cosmetology,1983
186759,Get a Job,2016
187017,22 Jump Street,2014
187596,Walk of Shame,2014
187826,Cute But Ordinary,1981
188161,A Million Ways to Die in the West,2014
188207,The Legend of Hercules,2014
188222,Entourage,2015
188813,The Untold Story 2,1998
188927,Star Trek Beyond,2016
189349,Naruto OVA 9: Chunin Exam on Fire! and Naruto vs. Konohamaru!,2011
190847,The Last Days on Mars,2013
190859,American Sniper,2014
191295,The Amorous Lotus Pan,1994
192102,3 Days to Kill,2014
192141,No Escape,2015
192241,A Shot in the Dark,1935
192558,Aashiqui 2,2013
192577,Space Pirate Captain Harlock,2013
192911,Monster High: Scaris City of Frights,2013
193551,All of a Sudden,1996
193610,The Other Woman,2014
193687,Z for Zachariah,2015
193756,Lone Survivor,2013
193893,Let's Be Cops,2014
194662,Birdman or (The Unexpected Virtue of Ignorance),2014
195589,Neighbors,2014
195590,Collide,2016
195757,The Ultimate Life,2013
196024,The Keeper of Lost Causes,2013
196254,Barbie Mariposa & the Fairy Princess,2013
196257,Freaky Friday,1995
196867,Annie,2014
197158,Porno!,1981
197788,Behave Yourself!,1951
197796,Beauty and the Beast,2014
197950,The Connection,2014
198184,Chappie,2015
198277,Begin Again,2014
198287,After the Dark,2013
198375,The Garden of Words,2013
198663,The Maze Runner,2014
199373,The Frozen Ground,2013
199534,Wolf Creek 2,2013
200085,The Flu,2013
200324,The Half-Breed,1916
200505,Draft Day,2014
200727,"Love, Rosie",2014
201085,Crimson Peak,2015
201088,Blackhat,2015
201550,Life of a King,2013
202438,XX: Beautiful Prey,1996
202575,The House of Magic,2013
202804,Hannah,2007
203474,Sinner: The Secret Diary of a Nymphomaniac,1973
203696,Scooby-Doo! Stage Fright,2013
203739,Vampire Academy,2014
203801,The Man from U.N.C.L.E.,2015
203833,The Book Thief,2013
203834,Jessabelle,2014
203835,Amityville: The Awakening,2017
204082,Homefront,2013
204436,Jack and the Cuckoo-Clock Heart,2014
204553,Cold Eyes,2013
204922,Before I Go to Sleep,2014
205220,Philomena,2013
205321,Sharknado,2013
205584,Gods of Egypt,2016
205587,The Judge,2014
205596,The Imitation Game,2014
205724,Welcome to the Jungle,2013
205775,In the Heart of the Sea,2015
206408,Chinese Puzzle,2013
206487,Predestination,2014
206647,Spectre,2015
207703,Kingsman: The Secret Service,2015
207768,I Spit on Your Grave 2,2013
207932,Inferno,2016
207933,Stonehearst Asylum,2014
208134,Jackass Presents: Bad Grandpa,2013
208763,Forbidden Empire,2014
209112,Batman v Superman: Dawn of Justice,2016
209244,Are You Here,2013
209247,The Art of the Steal,2013
209379,Knight Rider,2008
209964,Porno,2013
210333,Coolie Killer,1982
210479,Locke,2014
210577,Gone Girl,2014
210726,The Second Wife,1998
210860,Mortdecai,2015
211672,Minions,2015
211755,Hunter x Hunter: Phantom Rouge,2013
211954,Instructions Not Included,2013
212162,Puella Magi Madoka Magica the Movie Part III: Rebellion,2013
212167,Patema Inverted,2013
212470,Monster High: 13 Wishes,2013
212778,Chef,2014
213646,Don't Stop My Crazy Love for You,1993
213681,Masterminds,2016
214553,"Love, Chunibyo & Other Delusions! Rikka Version",2013
214756,Ted 2,2015
215379,Young Ones,2014
216015,Fifty Shades of Grey,2015
216282,Into the Storm,2014
216527,Avatar 4,2029
216541,Ambushed,2013
217993,Justice League: War,2014
218043,Left Behind,2014
218746,Young Mother,2013
218784,Freaks of Nature,2015
218836,Planes: Fire & Rescue,2014
220289,Coherence,2013
220756,Deadly Impact,1984
220845,The Smurfs: The Legend of Smurfy Hollow,2013
220882,London Fields,2018
221077,The Last Woman of Shang,1964
221731,Rurouni Kenshin Part II: Kyoto Inferno,2014
221732,Rurouni Kenshin Part III: The Legend Ends,2014
222071,Old Women,2003
222666,Black Deep Throat,1977
222935,The Fault in Our Stars,2014
222936,Aloha,2015
223319,Lucky Sky Diamond,1989
223702,Sausage Party,2016
224141,Into the Woods,2014
225565,That Awkward Moment,2014
225574,Non-Stop,2014
225728,Macbeth,2015
225745,Steins;Gate: The Movie - Load Region of Déjà Vu,2013
225747,Vendetta,2013
225886,Sex Tape,2014
226074,Pleasure Spa,2013
226486,Tammy,2014
226674,The Adolescent,1979
226728,Off the Mark,1987
226857,Endless Love,2014
227156,The Giver,2014
227159,Horrible Bosses 2,2014
227257,Monster High: Fright On!,2011
227306,Unbroken,2014
227348,Paranormal Activity: The Marked Ones,2014
227700,Anna,2013
227707,The Adventurer: The Curse of the Midas Box,2013
227719,Project Almanac,2015
227783,The Nut Job,2014
227859,The Book of Daniel,2013
227973,The Peanuts Movie,2015
228066,Victor Frankenstein,2015
228088,Once Upon a Time: The Super Heroes,2001
228150,Fury,2014
228161,Home,2015
228165,The SpongeBob Movie: Sponge Out of Water,2015
228194,The Hundred-Foot Journey,2014
228203,"McFarland, USA",2015
228205,The Longest Ride,2015
228326,The Book of Life,2014
228794,Provocation,1995
228805,Detective Conan: Private Eye in the Distant Sea,2013
228854,Star Virgin,1988
228967,The Interview,2014
228970,Wild,2014
230179,Big Game,2015
230222,Tarzan,2013
230301,Waiting for the Sea,2012
231001,All Hallows' Eve,2013
231164,Sweet Whip,2013
232086,Nuclear Waste,2012
232317,The Brave Lion,1974
232319,Coyote,2014
232608,The Secret Rivals 3,1981
232672,Blended,2014
233063,Suck Me Shakespeer,2013
233361,Dynamite Shaolin Heroes,1978
233564,Dumbbells,2014
233651,Sex Rider: Wet Highway,1971
233734,To Jennifer,2013
234004,Ratchet & Clank,2016
234200,Pride,2014
234212,Demonic,2015
234305,Alice of Wonderland in Paris,1966
234544,"Kaoru Kiri: The Best Lesbian In Japan, Authentic Account",1974
234710,Shaolin Invincible Guys,1978
235260,Son of God,2014
235271,Addicted,2014
236317,Benim Dünyam,2013
236751,Heaven Is for Real,2014
236935,Infernal Street,1973
237433,Paris in Spring,1935
237460,Isle Of Destiny,1940
237791,The Way He Looks,2014
238215,The Cobbler,2014
238319,Female Sexuality,1969
238328,Murder in the Mirror,2000
238349,Vigilante,2008
238458,Dead Before Dawn,1993
238615,Self/less,2015
238636,The Purge: Anarchy,2014
238713,Spy,2015
239059,Inside the Labyrinth,1986
239416,My First 40 Years,1987
239523,Hunter x Hunter: The Last Mission,2013
239529,Lupin the Third vs. Detective Conan: The Movie,2013
239543,The Red Corvette,2011
239563,St. Vincent,2014
239566,Get on Up,2014
239571,The Best of Me,2014
239573,Unfinished Business,2015
239678,This Is Where I Leave You,2014
240438,Three Swedes on the Reeperbahn,1980
240483,Robot Overlords,2014
240832,Lucy,2014
240916,Reasonable Doubt,2014
240981,"Michael Jackson: Life, Death and Legacy",2012
241239,A Most Violent Year,2014
241251,The Boy Next Door,2015
241254,The Prince,2014
241257,Regression,2015
241259,Alice Through the Looking Glass,2016
241554,Run All Night,2015
241842,Dead Snow 2: Red vs. Dead,2014
241848,The Guest,2014
241863,As the Gods Will,2014
241913,City of Missing Girls,1941
242042,Barefoot,2014
242095,The Signal,2014
242224,The Babadook,2014
242310,Rage,2014
242383,The Gunman From Bodie,1941
242454,The Suspect,2013
242512,Ouija,2014
242516,Captain Scarface,1953
242582,Nightcrawler,2014
242643,Batman: Assault on Arkham,2014
242828,When Marnie Was There,2014
243084,Oklahoma Annie,1952
243352,Where Hope Grows,2014
243599,A Holiday Heist,2011
243683,Step Up All In,2014
243684,"Men, Women & Children",2014
243688,Poltergeist,2015
243831,Jackpot,2013
243938,Hot Tub Time Machine 2,2015
243940,The Lazarus Effect,2015
244221,The White Orchid,1954
244264,Laggies,2014
244267,I Origins,2014
244336,Juliana,1988
244395,First Winter,1982
244427,Sexina: Popstar P.I.,2007
244458,The Voices,2014
244506,Camp X-Ray,2014
244509,Cold in July,2014
244566,Life After Beth,2014
244623,Pony Express Rider,1976
244625,The Gun and the Pulpit,1974
244761,The Captive,2014
244772,The Skeleton Twins,2014
244781,Moto 5: The Movie,2013
244786,Whiplash,2014
245142,The Warning,2012
245168,Suffragette,2015
245473,Cloud 9,2014
245698,Pawn Sacrifice,2015
245700,Mr. Turner,2014
245703,Midnight Special,2016
245706,True Story,2015
245842,The King's Daughter,2022
245891,John Wick,2014
245913,Pelé: Birth of a Legend,2016
245917,Gintama: The Movie 2: The Final Chapter: Be Forever Yorozuya,2013
246080,Black Sea,2014
246196,Rape Zombie: Lust of the Dead 3,2013
246403,Tusk,2014
246426,Spaces and Reservations,2014
246655,X-Men: Apocalypse,2016
246741,What We Do in the Shadows,2014
247136,The Temptation of Kimono,2009
247504,Veeram,2014
248401,A Farewell to Fools,2013
248424,"Papita, maní, tostón",2013
248504,Sharknado 2: The Second One,2014
248574,Barely Lethal,2015
248705,The Visitors: Bastille Day,2016
248838,The Adventures of Edson Jean,2013
249034,Man from Music Mountain,1943
249070,Hitman: Agent 47,2015
249164,If I Stay,2014
249333,An Innocent Affair,1948
249348,Our Girl Friday,1953
249397,Nymphomaniac: Vol. II,2013
249578,Tabu,1983
249660,God's Not Dead,2014
249688,The End of the Tour,2015
249921,Silent but Deadly,2012
250064,Go Tell It on the Mountain,1985
250114,Nick Offerman: American Ham,2014
250184,Locker 13,2014
250243,A Talking Pony!?!,2013
250480,The Many Adventures of Winnie the Pooh,1977
250538,The Good Lie,2014
250546,Annabelle,2014
250574,Creep,2014
250622,National Lampoon Presents: Endless Bummer,2009
250734,Far from the Madding Crowd,2015
251324,Blood Type: Unknown,2013
251421,Private Property,1960
251519,Son of Batman,2014
251783,Pleasure or Pain,2013
252061,The Great Dan Patch,1949
252072,Black Ice,1992
252144,Get Christie Love!,1974
252178,'71,2014
252204,Breakdance Academy,2010
252429,Honeymoon of Horror,1964
252629,The Test,2012
252684,For Heaven's Sake,2008
252707,Wake Me When the War Is Over,1969
252838,The Wedding Ringer,2015
252895,Marvin & Tige,1985
252978,Let's Switch!,1975
253065,Miss Granny,2014
253134,Who Shot Pat?,1989
253205,Deadly Weekend,2013
253252,Billo - Il grand Dakhaar,2008
253266,Print the Legend,2014
253267,Vessel,2014
253344,Some Kind of Beautiful,2015
253350,The Cousin,1974
253376,In Darkness We Fall,2014
253412,Everest,2015
253450,The Assassin,2015
253456,Nureyev: a Dance Drama,2009
253797,The Life After Death Project,2013
253837,Utah Blaine,1957
253876,The Greatest Ears in Town: The Arif Mardin Story,2010
254007,The Samurai,2014
254009,Mosquito-Man,2013
254128,San Andreas,2015
254164,Rape and Death of a Housewife,1978
254167,Don't Pass Me By,2013
254172,Fathers and Daughters,2015
254201,The Absent One,2014
254320,The Lobster,2015
254470,Pitch Perfect 2,2015
254473,Brick Mansions,2014
254659,A Demon for Trouble,1934
254705,The Ace of Spades,1935
254904,The November Man,2014
254945,Miles to Go,2012
254972,The Mar's Villa,1977
255197,Reel Zombies,2008
255249,The Shaolin Brothers,1977
255295,Speak No Evil,2013
255343,Escobar: Paradise Lost,2014
255489,Private Life of Mr. & Mrs. M,2012
255505,Female Leopard,1985
255512,Ombis: Alien Invasion,2013
255572,Model Behavior,1982
255674,The Visitant,2014
255707,Heterosexual Jill,2013
255709,Hope,2013
255718,Barbie: The Pearl Princess,2014
256040,Bāhubali: The Beginning,2015
256103,Night Flight,2014
256274,"As Above, So Below",2014
256591,Focus,2015
256731,Bad Country,2014
256736,Listen,2013
256835,Toy Story That Time Forgot,2014
256917,The Water Diviner,2014
256961,Paul Blart: Mall Cop 2,2015
257064,Arnez J: Racially Motivated,2013
257088,Point Break,2015
257091,Get Hard,2015
257094,Holland,2025
257177,Frank vs. God,2014
257211,The Intern,2015
257223,A Practical Guide to a Spectacular Suicide,2014
257344,Pixels,2015
257346,Avengers Confidential: Black Widow & Punisher,2014
257445,Goosebumps,2015
257495,Goodbye from the Heart,2000
257512,Case Closed: The Sniper from Another Dimension,2014
257627,NSFW: Not Safe for Work,2014
257785,Tulip Fever,2017
257921,Er relajo der Loro,2012
257932,Dragon Nest: Warriors' Dawn,2014
257944,Fatal Sin,2013
257947,Mamay,2003
258040,Ride Out for Revenge,1957
258059,The Quiet Woman,1951
258191,Un film porno,1968
258216,Nymphomaniac: Vol. I,2013
258230,A Monster Calls,2016
258284,Every Secret Thing,2014
258377,Kiss Kiss Bang Bang,2000
258456,Nobody's Home,2013
258480,Carol,2015
258489,The Legend of Tarzan,2016
258509,Alvin and the Chipmunks: The Road Chip,2015
258893,Scooby-Doo! WrestleMania Mystery,2014
259018,Behaving Badly,2014
259049,The Two Gladiators,1964
259072,Wrong Turn 6: Last Resort,2014
259124,Model Minority,2012
259265,Country Love,1972
259310,The Sinners,2013
259316,Fantastic Beasts and Where to Find Them,2016
259539,The Man from Orlando,2012
259545,A Fêmea do Mar,1980
259611,Frontera,2014
259693,The Conjuring 2,2016
259694,How to Be Single,2016
259695,Live by Night,2016
259872,Skin. Like. Sun.,2009
259940,Irish Luck,1939
260026,Bumpy,1981
260048,Burnzy's Last Call,1995
260211,Achmed Saves America,2014
260234,"Monster High: Frights, Camera, Action!",2014
260346,Taken 3,2014
260513,Incredibles 2,2018
260514,Cars 3,2017
260535,The Little Rascals Save the Day,2014
260550,Taste,2014
260732,Mysterious Footworks of Kung Fu,1978
260776,House of Dreams,1963
260934,Canon (Fidelidad al límite),2014
261023,Black Mass,2015
261037,Miss Meadows,2014
261157,Senn,2013
261381,Sivandha Mann,1969
261392,American Ultra,2015
261470,Sorry If I Call You Love,2014
261778,Thangamalai Ragasiyam,1957
261812,Sister,2014
261817,Gabriel,2014
261903,Real Gangsters,2013
262338,Good People,2014
262391,Serial (Bad) Weddings,2014
262500,Insurgent,2015
262504,Allegiant,2016
262543,Automata,2014
262610,Flow,1996
262818,Konfetti,2014
262841,Monster Trucks,2016
262906,King of Herrings,2014
263070,Long Day's Journey Into Night,1973
263109,Shaun the Sheep Movie,2015
263115,Logan,2017
263132,Naked Ambition 3D,2014
263183,Let's Ruin It with Babies,2013
263198,The Corrupted,2010
263341,"Crouching Tiger, Hidden Dragon: Sword of Destiny",2016
263365,Beware of Blondes,1950
263472,Knock Knock,2015
263563,Scrapper,2013
263676,Kudiyirundha Koyil,1968
263697,Aasai Mugam,1965
263698,Vettaikaaran,1964
264218,The Merry World of Leopold Z,1965
264238,Longing Nights,2013
264341,The Threepenny Opera,1963
264344,Witchcraft: The Doll in Brambles,1961
264419,Huevos: Little Rooster's Egg-Cellent Adventure,2015
264500,Gospel According to Al Green,1984
264644,Room,2015
264656,The Homesman,2014
264660,Ex Machina,2015
264947,"Run, Virgin, Run",1970
264980,Loves of a French Pussycat,1972
264988,Total Force,1996
264999,Magic Mike XXL,2015
265177,Mommy,2014
265195,Wild Tales,2014
265208,Wild Card,2015
265347,Chasing Ghosts,2014
265712,Stand by Me Doraemon,2014
265891,The Journey of a Female Comic,2014
265895,"Bruce, King of Kung Fu",1980
266229,The Eve of Ivan Kupalo,1968
266235,Fray,2012
266246,"Out of Mind, Out of Sight",2014
266285,The Salvation,2014
266294,Sisters,2015
266396,The Gunman,2015
266647,Pan,2015
266856,The Theory of Everything,2014
267193,Grimsby,2016
267356,Love and Terror on the Howling Plains of Nowhere,2014
267860,London Has Fallen,2016
267935,The BFG,2016
268227,Erotica:  Moonlight,2008
268238,The Second Best Exotic Marigold Hotel,2015
268531,Captain Underpants: The First Epic Movie,2017
268690,The Legend of the Guanajuato Mummies,2014
268870,Machete Language,2012
268896,Pacific Rim: Uprising,2018
268920,Hot Pursuit,2015
268938,Rebellious Daughters,1938
269148,Samba,2014
269149,Zootopia,2016
269495,No Thank You,2014
269509,The Canterville Ghost,2023
269586,Brainjacked,2009
269651,Shaolin Invincibles,1978
269741,The Dragon Gate,1994
269795,2:22,2017
269952,American Jesus,2013
269955,Obsessed,2014
270303,It Follows,2015
270487,"Hail, Caesar!",2016
270610,Brain Dead And Having A Heart Attack,2013
270648,Kumu Hina,2014
270657,Q: The Movie,1999
270700,Waiting in the Wings: The Musical,2014
270774,Skiptrace,2016
270844,Lunch Hour,2014
270938,Falcon Rising,2014
270946,Penguins of Madagascar,2014
271026,La figliastra - Storia di corna e di passioni,1976
271067,I'll Be Homeless for Christmas,2012
271110,Captain America: Civil War,2016
271116,Devil Angel,1995
271185,Ask Me Anything,2014
271241,Boarding House Blues,1948
271397,The Tribe,2014
271577,Fish Without a Bicycle,2003
271618,Molly and Lawless John,1972
271649,Starry Night,1999
271674,Suite Française,2015
271706,Big Fish & Begonia,2016
271709,Initial D Legend 1: Awakening,2014
271718,Trainwreck,2015
271736,The Program,2015
271817,Nuvem,2011
271954,Water and Fire,2013
271969,Ben-Hur,2016
272066,Inside the Lines,1930
272112,"Revelation - The Bride, The Beast & Babylon",2013
272263,The Last Light: An Irish Ghost Story,2011
272435,Gemma Bovery,2014
272446,Britney Spears: Workin' It,2014
272511,Basketball Girlfriends,2014
272518,Gambler's Choice,1944
272693,The DUFF,2015
272771,The World Famous Kid Detective,2013
272878,Max,2015
273046,Executive Power,1997
273153,Summertime,2015
273248,The Hateful Eight,2015
273477,Scouts Guide to the Zombie Apocalypse,2015
273481,Sicario,2015
273598,Pad Na Jou Hart,2014
273650,A Broken Code,2012
273665,Taylor Swift: From the Heart,2013
273699,The Frank Matthews Story,2012
273708,Ghost of the Brotherhood,2006
273720,One Direction: Ruling The World,2013
273729,The Lies We Tell But the Secrets We Keep: Part 2,2012
273895,Selma,2014
273939,David,2011
274003,The Jungle King,1994
274044,The Entrepreneur,2013
274052,Guerrilla Girl,1953
274102,The Very Edge,1963
274108,Make Your Life a Masterpiece in Progress,2013
274167,Daddy's Home,2015
274246,Tarzan of the Apes,1998
274296,Beautiful Swordswoman,1969
274336,Urban Tale,2012
274341,Rice Girl,2014
274478,Freedom Strike,1998
274479,Joy,2015
274564,Made in Cleveland,2013
274802,Big Charity: The Death of America's Oldest Hospital,2014
274823,A Tale of Five Cities,1951
274854,The Last Witch Hunter,2015
274855,Geostorm,2017
274857,King Arthur: Legend of the Sword,2017
274862,The Lego Ninjago Movie,2017
274870,Passengers,2016
275356,Mississippi Shakedown,2014
275382,The Beatles Explosion,2007
275420,Bigfoot vs. D.B. Cooper,2014
275455,The Lost Spirits,2009
275702,Bow Barracks Forever,2004
275860,Blues for Willadean,2012
276126,Young Mother 2,2014
276214,Television: The First Fifty Years,1999
276296,Final Assignment,1980
276477,The Man Who Cracked the Nazi Code: The Story of Alan Turing,2014
276601,The Secret Sex Life of a Single Mom,2014
276624,I Am a Hero,2016
276658,Melo,2014
276839,Home Sweet Hell,2015
276907,Legend,2015
277006,Shooting Star(s): The Rise of Hip Hop Photographer Johnny Nunez,2009
277022,Mission to Glory: A True Story,1977
277030,The Whispering Skull,1944
277105,Spook Town,1944
277216,Straight Outta Compton,2015
277217,Descendants,2015
277439,The Big Finish,2000
277558,Final Girl,2015
277662,Nightingale,2014
277685,Unfriended,2014
277834,Moana,2016
278154,Ice Age: Collision Course,2016
278772,Serial Killer Culture,2014
278924,Mechanic: Resurrection,2016
278927,The Jungle Book,2016
278929,Can't Be Heaven,2000
278942,Grambling's White Tiger,1981
279015,Lady Mobster,1988
279116,Mugguru Monagallu,1994
279251,Forbidden Territory,1934
279549,Pretend You Don't See Her,2002
279578,Breach of Trust,1995
279835,Barcelona 1714,2014
279945,Murder Once Removed,1971
280002,The Remaining,2014
280019,For the Emperor,2014
280092,Insidious: Chapter 3,2015
280158,Britney Spears: Princess of Pop,2012
280180,Beverly Hills Cop: Axel F,2024
280217,The Lego Movie 2: The Second Part,2019
280690,Kick,2014
280968,Charlie Chaplin,2002
280996,Mr. Holmes,2015
281202,Junior High Spy,2013
281338,War for the Planet of the Apes,2017
281449,Sabaka,1955
281558,Black Mold Exposure,2009
281569,.357,2013
281869,The Bunnyman Massacre,2014
281957,The Revenant,2015
282035,The Mummy,2017
282069,Parasyte: Part 1,2014
282128,An American in Hollywood,2014
282631,The Admiral: Roaring Currents,2014
282672,My Mistress,2014
282693,Firehouse,1973
282813,The Pyramid,2014
283036,Deedar,1951
283198,Lifeguard in the women's bathroom,1956
283227,A Little Chaos,2015
283350,Before We Go,2014
283366,Miss Peregrine's Home for Peculiar Children,2016
283378,Fallen,2016
283445,Sinister 2,2015
283566,Evangelion: 3.0+1.0 Thrice Upon a Time,2021
283839,Delicious,2013
283859,The Gigolo,1993
283984,Fate/stay night: Heaven's Feel I. Presage Flower,2017
283995,Guardians of the Galaxy Vol. 2,2017
284052,Doctor Strange,2016
284053,Thor: Ragnarok,2017
284054,Black Panther,2018
284276,Cake,2014
284289,Beyond the Reach,2014
284293,Still Alice,2014
284303,Goodnight Mommy,2015
284427,Who Am I,2014
284536,The Gambler,2014
284552,Lover of the Last Empress,1995
284814,Shaolin Tough Kid,1978
284880,Master Killers,1980
285213,The Pirates,2014
285783,The Walk,2015
285965,Promised Land,1927
286217,The Martian,2015
286538,Bokeh,2017
286548,Tekken 2: Kazuya's Revenge,2014
286565,Paper Towns,2015
286567,Max Steel,2016
286599,Casanova Variations,2014
286687,Love Lesson,2013
286987,How to Build a Better Boy,2014
287280,Hard Vice,1994
287284,Swung,2015
287338,Payday,2014
287424,Maggie,2015
287483,The Farewell Party,2014
287590,Saint Seiya: Legend of Sanctuary,2014
287636,The Sound and the Fury,2015
287649,Scarlet Innocence,2014
287816,Camera Obscura,2000
287903,Krampus,2015
287947,Shazam!,2019
287948,The Transporter Refueled,2015
288036,Sleeping with Other People,2015
288119,Birthday Cake,2013
288131,The Criminal Mind,1993
288158,The Woman in Black 2: Angel of Death,2014
288171,Blue Mountain State: The Rise of Thadland,2016
288206,Spanglish Girls,2012
288215,The Maladjusted,2013
288245,The Pleasure Girl Gang,2012
288418,Affair,2014
288677,With Child,2014
288684,Sweet Evil,1996
288804,AC/DC: Dirty Deeds,2012
288906,Los Zafiros: Music from the Edge of Time,2003
288914,Lucy & Desi: Before the Laughter,1991
288985,The Porno Killers,1980
288986,The Erotic Twin,1980
288987,That Malicious Age,1975
289222,The Zookeeper's Wife,2017
289396,Sox: A Family's Best Friend,2013
289416,Grace,2014
289720,Outcast,2014
289732,Zombie Fight Club,2014
290049,Hijacked: Flight 285,1996
290098,The Handmaiden,2016
290250,The Nice Guys,2016
290271,"One Piece ""3D2Y"": Overcome Ace's Death! Luffy's Vow to his Friends",2014
290501,Act of War,1998
290512,The Mountain Between Us,2017
290555,Wolves,2014
290595,The Huntsman: Winter's War,2016
290637,Pay the Ghost,2015
290751,Secret in Their Eyes,2015
290764,Tracers,2015
290823,Speed Dragon,2019
290859,Terminator: Dark Fate,2019
290864,Kung Fu Jungle,2014
290865,Tazza: The Hidden Card,2014
290876,Drop The Gun,2014
291081,Red Riding: The Year of Our Lord 1974,2009
291270,Anomalisa,2015
291276,Unlocked,2017
291309,The Mighty Kong,1998
291319,A Long Way Off,2014
291328,Rules Don't Apply,2016
291356,In a Valley of Violence,2016
291376,Small Timers,2011
291379,Me,2014
291432,Ornaments,2008
291492,A Record of Sweet Murder,2014
291616,Mother's Red Dress,2011
291634,The Next Step,1997
291729,Sacred Cargo,1996
291748,The Evangelist,2009
291757,Homesteaders of Paradise Valley,1947
291805,Now You See Me 2,2016
291860,Kick the Cock,2008
291870,Dirty Grandpa,2016
291904,Brush with Danger,2014
292011,Richard Jewell,2019
292044,Sticks & Stones,1996
292047,Tokyo Noir,2004
292071,Trapper County War,1989
292431,Love,2015
292434,Daddy,2004
292638,Bad City,2014
292777,Flower & Snake: Zero,2014
292834,Brother Nature,2016
293116,A Few Cubic Meters of Love,2014
293167,Kong: Skull Island,2017
293247,Window of Opportunity,2015
293379,Aftermath,2012
293562,The Insomniac,2013
293628,Awesome Asian Bad Guys,2014
293646,The 33,2015
293660,Deadpool,2016
293670,The Wailing,2016
293714,The Glass Mountain,1949
293767,Billy Lynn's Long Halftime Walk,2016
293768,Kidnap,2017
293790,Call If You Need Me,2009
293796,Wet and Reckless,2014
293863,The Age of Adaline,2015
293950,The Green Fairy,2015
293970,The Final Girls,2015
294016,Trumbo,2015
294254,Maze Runner: The Scorch Trials,2015
294272,Pete's Dragon,2016
294273,Blood and Tears,1999
294294,Saltwater,2012
294499,Mr. Brown,2006
294652,Son of a Gun,2014
294753,Sleepless Nights,2002
294793,All the Old Knives,2022
294963,Bone Tomahawk,2015
294993,Rise of the Legend,2014
295011,Patient Zero,2018
295151,Let It Snow,2019
295210,Children of the Light,2014
295221,The Brass Ring,1983
295350,Desi Kattey,2014
295528,Shaolin Chastity Kung Fu,1981
295629,A Leading Man,2014
295693,The Boss Baby,2017
295699,Everybody Wants Some!!,2016
295724,The Boarder,2012
295830,Attack on Titan,2015
295887,Beethoven's Treasure Tail,2014
295964,Burnt,2015
296065,Last Shift,2014
296096,Me Before You,2016
296098,Bridge of Spies,2015
296099,Vacation,2015
296100,The Night Before,2015
296231,Carb-Loaded: A Culture Dying to Eat,2014
296271,The Devil Conspiracy,2023
296350,Milk the Maid,2013
296505,Jack Squad,2009
296524,Deepwater Horizon,2016
296540,Three Bad Men,2005
296917,Psycho-Pass: The Movie,2015
296989,The Other Side of The SEX,2013
297009,Night Driver,2005
297021,"Recently, My Sister is Unusual",2014
297090,The Torture Club,2014
297222,PK,2014
297270,Tinker Bell and the Legend of the NeverBeast,2014
297291,The Scorpion King 4: Quest for Power,2015
297556,Justice League: Throne of Atlantis,2015
297608,The Taking of Deborah Logan,2014
297725,The Man Who Killed Don Quixote,2018
297761,Suicide Squad,2016
297762,Wonder Woman,2017
297798,One Hour Fantasy Girl,2009
297802,Aquaman,2018
297975,Lifebreath,1997
298089,Element of Survival,2014
298094,Hidden Desire,1991
298115,Dragons: Dawn of the Dragon Racers,2014
298202,Hunting Evil Spirit,1999
298250,Jigsaw,2017
298312,The Visit,2015
298382,The Dressmaker,2015
298422,Delusions of Guinevere,2014
298614,Do Not Disturb,2014
298618,The Flash,2023
298929,The Best of Shaolin Kung Fu,1976
298934,Justin Bieber: Limitless,2014
298947,Miley Cyrus: Xplicit,2016
298983,Carver,2015
299054,Expend4bles,2023
299504,LifeRaft,2016
299534,Avengers: Endgame,2019
299536,Avengers: Infinity War,2018
299537,Captain Marvel,2019
299687,The 5th Wave,2016
299923,A Free Bird,2014
299924,Hip Hop Don't Stop,2014
299964,Mister Scrooge to See You,2013
300003,Wild Justice,2014
300035,Heart Breaks Open,2011
300096,Garden of Hedon,2013
300168,Dragon Blade,2015
300250,Night Of The Alien,2011
300665,Leatherface,2017
300668,Annihilation,2018
300669,Don't Breathe,2016
300671,13 Hours: The Secret Soldiers of Benghazi,2016
300673,The Finest Hours,2016
300681,Replicas,2018
300685,Jeff Dunham: All Over the Map,2014
300693,Truth,2015
300697,Guards of Shaolin,1984
300803,Dragonheart 3: The Sorcerer's Curse,2015
300817,Graves & Bones,2014
300902,Deadly Revisions,2014
301308,As the Dust Settles: A Participatory Documentary Shot at Burning Man,2013
301337,Downsizing,2017
301351,We Are Your Friends,2015
301365,The Neon Demon,2016
301466,Carlos Spills the Beans,2014
301502,Blonde,2022
301528,Toy Story 4,2019
301608,The Trust,2016
301673,Greetings from Fire Island,2013
301804,Before I Wake,2016
301830,"James Brown - The Man, The Music & The Message",2014
301846,Howl,2015
301875,Equals,2015
302156,Criminal,2016
302227,Happy Go Lucky,2014
302323,Manhattan Romance,2015
302401,Snowden,2016
302429,Strange Magic,2015
302529,City Without Men,1943
302580,Twitch: You Are My Toy,2004
302685,Abducted by Aliens: UFO Encounters of the 4th Kind,2014
302688,My Big Fat Greek Wedding 2,2016
302699,Central Intelligence,2016
302908,The Argues The Movie,2011
302945,Love Affair,2014
302946,The Accountant,2016
303146,Village of Doom,1983
303171,Blue Gold: American Jeans,2014
303204,The Businessman,2014
303208,Unlikely Heroes of the Arab Spring,2014
303267,90210 Shark Attack,2015
303786,The Blind Man from Ghost Cave: Blind Warrior,1987
303787,The Kung Fu Warrior,1980
303857,Dragon Ball Z: Resurrection 'F',2015
303858,Money Monster,2016
303903,Pokémon the Movie: Diancie and the Cocoon of Destruction,2014
303991,Demolition,2016
304034,"Gallino, the Chicken System",2012
304047,Khazana,2014
304284,Carrie Underwood: Country Idol,2014
304357,Woman in Gold,2015
304410,The Bélier Family,2014
304445,Rock Rods 4,2014
304464,Axe Raiders,2006
304483,Red Rose,2005
304576,Justin Timberlake: Suited Up,2014
304580,Miley Cyrus: Twerk It,2014
304850,Hard Sun,2014
305211,The Passage of Time,2013
305229,"Hollywood Heaven: Tragic Lives, Tragic Deaths",1990
305242,Green Eyes,2013
305244,The Key,2014
305470,Power Rangers,2017
305694,The Trap,2008
306219,Misa's Fugue,2012
306436,"Five Days, Five Nights",1961
306687,Sunday,2014
306819,The Danish Girl,2015
306947,The Invitation,2016
307081,Southpaw,2015
307144,Scarlet's Witch,2014
307472,Travis: A Soldier's Story,2013
307655,Home for Christmas,2014
307663,Vice,2015
308032,The Stanford Prison Experiment,2015
308084,Tangerine,2015
308266,War Dogs,2016
308369,Me and Earl and the Dying Girl,2015
308403,Homesick,2015
308504,Last Knights,2015
308529,Kickboxer: Vengeance,2016
308531,Teenage Mutant Ninja Turtles: Out of the Shadows,2016
308602,The Young Hero of Shaolin,1984
308624,The Story of Ong-nyeo,2014
308638,The D Train,2015
308639,Dope,2015
308831,They Returned,2015
308987,Bob and the Trees,2015
309049,We Still Kill the Old Way,2014
309321,Track 143,2014
309808,Dragonfly,2014
309809,The Little Prince,2015
309886,Blood Father,2016
309955,"The Video Diary of Madi O, the Final Entries",2012
310131,The Witch,2016
310307,The Founder,2016
310401,The Rivalry: Red v. Blue,2013
310439,The Power of the Resurrection,1958
310578,Alien Rising,2013
310593,Youth,2015
311271,America's Most Haunted Town,2001
311324,The Great Wall,2016
311667,Manhattan Night,2016
311801,Into the Wake,2012
312221,Creed,2015
313297,Kubo and the Two Strings,2016
313310,"Dragon Bruce Lee, Part II",1981
313345,Murder of Couriers,2012
313369,La La Land,2016
313922,Green Room,2016
314095,The Lost City of Z,2017
314127,A Wife's Nightmare,2014
314365,Spotlight,2015
314405,Tale of Tales,2015
314520,Veve,2014
314762,The Curse of King Tut's Tomb,1980
315011,Shin Godzilla,2016
315064,Animal Crackers,2017
315099,The Love That is Wrong,1993
315162,Puss in Boots: The Last Wish,2022
315294,The Young Secretaries,1974
315318,Howdy Doody's Christmas,1951
315465,The Boy and the Beast,2015
315530,Belle Starr's Daughter,1948
315559,Port Arthur,1980
315635,Spider-Man: Homecoming,2017
315664,Florence Foster Jenkins,2016
315837,Ghost in the Shell,2017
315846,Our Little Sister,2015
316004,Air,2014
316023,Mike and Dave Need Wedding Dates,2016
316029,The Greatest Showman,2017
316101,The Silver Whip,1953
316152,Free State of Jones,2016
316269,Calculator,2014
316322,Barbie in Princess Power,2015
316724,Temple Wood: A Quest for Freedom,2012
316727,The Purge: Election Year,2016
316873,Case Closed: Sunflowers of Inferno,2015
317442,The Last: Naruto the Movie,2014
317557,Queen of Katwe,2016
317744,Careful What You Wish For,2015
317978,The Principle,2014
318121,The Fundamentals of Caring,2016
318209,Pink Floyd: Dark Side of the Moon - The Ultimate Critical Review,2008
318256,Hot Girls Wanted,2015
318481,P.J.,2008
318541,Casa Amor: Exclusive for Ladies,2015
318781,Colonia,2015
318839,Lionhead,2013
318846,The Big Short,2015
318917,Look Who's Back,2015
319844,Zolar,2004
319888,Eddie the Eagle,2016
319913,Light Girls,2015
320085,The Last Man(s) on Earth,2015
320104,Plato's Reality Machine,2013
320288,Dark Phoenix,2019
320436,"Sergio Herman, Fucking Perfect",2015
320538,The Beautiful Risk,2014
320543,TV in Black: The First Fifty Years,2004
320956,The Cuckold,2009
321258,The Boy,2016
321494,The Man with the Iron Fists 2,2015
321528,Batman vs. Robin,2015
321597,Wild About Harry,2009
321612,Beauty and the Beast,2017
321697,Steve Jobs,2015
321741,Concussion,2015
321746,The Tormented,2019
321829,Oh! You Beautiful 'Doll',1973
321830,Prego,2015
321883,Minecraft: Into the Nether,2015
322112,Seevalaperi Pandi,1994
322134,The Last Seven Months of Anne Frank,1998
322172,Buffalo Boys,2013
322211,Dark Vision,2015
322233,Put Your Heart on the Page,2013
322246,White Creek,2014
322456,LEGO DC Comics Super Heroes: Justice League vs. Bizarro League,2015
322754,The Little House That Could,2013
322843,The Key Man,1957
323260,The Gigolo,2015
323272,War Room,2015
323372,The Corpse of Anna Fritz,2015
323576,Dali's Greatest Secret,2014
323661,Mune: Guardian of the Moon,2015
323675,Ride Along 2,2016
323676,The Boss,2016
323677,Race,2016
323966,A Hitman in London,2015
324334,Something Horizontal,2015
324421,We Are Twisted Fucking Sister!,2016
324542,Sleepless,2017
324544,In the Lost Lands,2025
324552,John Wick: Chapter 2,2017
324558,X-Rated: The Greatest Adult Movies of All Time,2015
324560,Brimstone,2016
324668,Jason Bourne,2016
324670,Spectral,2016
324786,Hacksaw Ridge,2016
324849,The Lego Batman Movie,2017
324852,Despicable Me 3,2017
324857,Spider-Man: Into the Spider-Verse,2018
324963,Monster High: Haunted,2015
324991,Allure,2014
325133,Neighbors 2: Sorority Rising,2016
325190,Adventure of Shaolin,1976
325348,Hardcore Henry,2015
325358,Superfast!,2015
325729,Savage Memory,2011
325791,A Gift Horse,2015
325910,The Scam,2012
326047,When Kiran Met Karen,2008
326088,The Erotic Dreams of Cleopatra,1985
326129,The Center,2015
326215,Ooops! Noah Is Gone...,2015
326271,When I'm with You,2015
326302,When the Three O'Clock Comes,2015
326359,Frozen Fever,2015
326415,Headless,2015
326423,Barbershop: The Next Cut,2016
326446,Savageland,2015
326697,A Tattered Web,1971
326947,The Maid,2014
326948,The Sad and Lonely Glow,2015
326992,The Bridgewater Triangle,2013
327294,Roxie,2014
327308,Elenore Makes Love,2014
327317,Summer Temptations,1988
327331,The Dirt,2019
327752,Her Odd Tastes,1969
328111,The Secret Life of Pets,2016
328123,"Yes, And...",2015
328216,Be My Cat: A Film for Anne,2015
328387,Nerve,2016
328425,The Gift,2015
328589,The Lady in the Van,2015
329027,Malevolent Ascent,2010
329103,Russian Lolita,2007
329269,Above Suspicion,2000
329408,Paradise House,2015
329440,The Forest,2016
329505,Lola's Secret,1984
329522,Malfunkshun: The Andrew Wood Story,2005
329544,Tevanik,2014
329833,Zoolander 2,2016
329865,Arrival,2016
329996,Dumbo,2019
330070,Terra Formars,2016
330162,Among the Missing,1934
330214,Darkside Witches,2015
330457,Frozen II,2019
330459,Rogue One: A Star Wars Story,2016
330465,At All Cost,2015
330483,The Choice,2016
330716,Forbidden Pleasures,2005
330764,The Brand New Testament,2015
330839,Old Songs About the Main Thing,1996
330947,Song to Song,2017
330980,Box Room,2014
330992,Diamonds To Dust,2014
331010,Waxie Moon in Fallen Jewel,2015
331184,The Park Bench,2015
331313,Keeping Up with the Joneses,2016
331336,The Junkyard Willie Movie: Lost in Transit,2008
331446,Sharknado 3: Oh Hell No!,2015
331482,Little Women,2019
331576,SPL 2: A Time for Consequences,2015
331583,The Whole Truth,2016
331962,Exposed,2016
332210,Storks,2016
332270,Battle for Sevastopol,2015
332291,The Women of Quiet Country,1980
332365,Good Grief Suicide Hotline,2015
332548,Chasing the Storm,2014
332562,A Star Is Born,2018
332567,The Shallows,2016
332655,Love and Demons,2014
332665,Men Go to Battle,2016
332672,Obsession,2015
332833,Mythri,2015
333167,Empire of Lust,2015
333333,Magnetic,2015
333339,Ready Player One,2018
333352,Eye in the Sky,2015
333358,Better Off Single,2016
333371,10 Cloverfield Lane,2016
333381,Return to Sender,2015
333385,Mr. Right,2016
333443,Alaska Highway,1943
333484,The Magnificent Seven,2016
333620,Stalked by My Neighbor,2015
333667,Rock Dog,2016
333669,Bastille Day,2016
333780,Abandoned in the Dark,2014
333812,Animus: The Tell-Tale Heart,2015
333818,States,2015
334074,Survivor,2015
334521,Free Fire,2017
334524,Gold,2016
334533,Captain Fantastic,2016
334541,Manchester by the Sea,2016
334543,Lion,2016
334616,Cristiano Ronaldo: World at His Feet,2014
334638,Bass Reeves,2010
334749,Blood Rites,2012
334800,Johnny Got His Gun,2008
334894,Nightmare Code,2014
334958,Miley Cyrus: Unleashed,2015
335033,She Waits,1972
335084,The Samurai,1987
335108,Apollo 12,1996
335111,The Two Thieves,2014
335117,Delicious Delivery,2015
335256,Wal-Bob's,2014
335360,My Little Pony: The Movie,2017
335400,Sabik: Kasalanan Ba?,1986
335434,Southeast Asian Cinema – When the Rooster Crows,2014
335462,Wolf Warrior,2015
335578,Land of Mine,2015
335644,Apollo 8: Christmas at the Moon,2002
335777,The Nut Job 2: Nutty by Nature,2017
335778,Risen,2016
335787,Uncharted,2022
335788,Renegades,2017
335791,When the Bough Breaks,2016
335795,Monster High: The Movie,2022
335796,Ouija: Origin of Evil,2016
335797,Sing,2016
335977,Indiana Jones and the Dial of Destiny,2023
335983,Venom,2018
335984,Blade Runner 2049,2017
335988,Transformers: The Last Knight,2017
336000,The Glass Castle,2017
336004,Heist,2015
336011,White Girl,2016
336255,Power Dive,1941
336281,A Hero's Tears,1979
336405,Awake In The Woods,2015
336419,The Deadly Silver Spear,1977
336460,The Eight Immortals,1969
336560,Lake Placid vs. Anaconda,2015
336592,The Science of Interstellar,2014
336698,Regretting Fish,2011
336725,Odd Brodsky,2014
336843,Maze Runner: The Death Cure,2018
336882,The Wave,2015
336890,Goon: Last of the Enforcers,2017
336958,A Virgin In Hollywood,1953
337167,Fifty Shades Freed,2018
337170,American Made,2017
337339,The Fate of the Furious,2017
337401,Mulan,2020
337404,Cruella,2021
337674,Elle,2016
337676,"Mektoub, My Love: Canto Uno",2017
337821,The Day of the Trumpet,1958
337999,The Night They Killed Rasputin,1960
338154,Run To Ground,2015
338167,Small is Beautiful: A Tiny House Documentary,2015
338234,The Livingston Gardener,2015
338762,Bloodshot,2020
338766,Hell or High Water,2016
338768,Please Stand By,2018
338803,The Treacherous,2015
338914,Diary of an African Nun,1977
338947,Hellraiser,2022
338952,Fantastic Beasts: The Crimes of Grindelwald,2018
338953,Fantastic Beasts: The Secrets of Dumbledore,2022
338958,Disenchanted,2022
338967,Zombieland: Double Tap,2019
338969,The Toxic Avenger,2025
338970,Tomb Raider,2018
339095,The Last Days of American Crime,2020
339103,Gotti,2018
339380,On the Basis of Sex,2018
339397,Café Society,2016
339403,Baby Driver,2017
339404,The Layover,2017
339408,The Birth of a Nation,2016
339526,The Land Before Time XIV: Journey of the Brave,2016
339527,Solace,2015
339530,Tremors 5: Bloodlines,2015
339649,Karski & The Lords of Humanity,2015
339692,Shot Caller,2017
339706,Kick Me Down,2009
339720,7days 2guys 1juicer,2014
339763,The Nurse,2014
339795,Barkhaa,2015
339811,"Let's Play, Boy",2008
339846,Baywatch,2017
339964,Valerian and the City of a Thousand Planets,2017
339967,Colossal,2017
339984,Miracles from Heaven,2016
339988,The Circle,2017
339994,The Good Neighbor,2016
340102,The New Mutants,2020
340194,A Year and Change,2015
340220,Fools,2016
340231,Lola's Last Letter,2015
340382,Attack on Titan II: End of the World,2015
340402,Almost Christmas,2016
340442,Pilgrimage,2017
340485,American Honey,2016
340487,Certain Women,2016
340613,The Wife,2018
340666,Nocturnal Animals,2016
340674,Dark Crimes,2016
340677,I.T.,2016
340819,Love Clinic,2015
340837,A Cure for Wellness,2017
340945,USS Indianapolis: Men of Courage,2016
340957,The Worst Year of My Life,2015
341006,The Belko Experiment,2016
341012,Popstar: Never Stop Never Stopping,2016
341013,Atomic Blonde,2017
341077,Tiger House,2015
341174,Fifty Shades Darker,2017
341847,Virtual Girl 2: Virtual Vegas,2001
342056,Sex Pistols: Agents of Anarchy,2009
342470,All the Bright Places,2020
342473,Ballerina,2016
342521,Keanu,2016
342576,Calling Paul Temple,1948
342579,Fighting Mad,1939
342737,20th Century Women,2016
342878,One Wild Moment,2015
343478,Weedwolf,2011
343611,Jack Reacher: Never Go Back,2016
343668,Kingsman: The Golden Circle,2017
343674,Gerald's Game,2017
343795,90 Minutes in Heaven,2015
343859,The Surface,2015
344176,Villa Bella,2015
345009,Mine,2016
345330,Emmanuelle Through Time: Emmanuelle's Supernatural Sexual Activity,2012
345544,Sacred Lies,2011
345887,The Equalizer 2,2018
345911,Lights Out,2016
345914,The House,2017
345915,Once Upon a Time in Venice,2017
345920,Collateral Beauty,2016
345925,Rupture,2016
345938,The Shack,2017
345940,The Meg,2018
346335,My Life's on the Line,1978
346364,It,2017
346470,Nineteen: Shh! No Imagining!,2015
346648,Paddington 2,2017
346657,Eight,2015
346672,Underworld: Blood Wars,2016
346685,The Girl on the Train,2016
346698,Barbie,2023
346709,Line of Duty,2019
346714,I Am Gangster,2015
346787,Crossroads,2015
346910,The Predator,2018
347031,Swiss Army Man,2016
347033,Equity,2016
347096,Mythica: The Darkspore,2015
347158,Bikini Avengers,2015
347183,Haikyuu!! The Movie: The End and the Beginning,2015
347186,Haikyuu!! Movie 2: Winners and Losers,2015
347201,Boruto: Naruto the Movie,2015
347284,Hägar the Horrible,1989
347375,Mile 22,2018
347537,Alvin's Harmonious World of Opposites,2015
347626,He's All That,2021
347767,The Entity,2015
347847,The Sand,2015
347866,Hot Summer Nights,2018
347969,The Ridiculous 6,2015
348084,Beasts Cage,2008
348152,Jajantaram Mamantaram,2003
348156,The Bad Samaritan Must Die!,2012
348198,All in Good Fun,1955
348291,Trust Me U Die,1998
348350,Solo: A Star Wars Story,2018
348521,Love/Loss,2010
348678,A Man Called Ove,2015
348744,Eighteen Women Fighters of Murim,1979
348892,Bajrangi Bhaijaan,2015
348893,Boyka: Undisputed IV,2016
348951,Last Night,2014
348952,Jeremy Brooks,2015
349086,Bitcoin: The End of Money as We Know It,2015
349111,Lady Psycho Killer,2015
349158,My Little Pony: Equestria Girls - Friendship Games,2015
349310,My Old Sweetheart,1995
350312,Bāhubali 2: The Conclusion,2017
350499,Pokémon the Movie: Hoopa and the Clash of Ages,2015
350725,The Virgin Psychics,2015
351044,Welcome to Marwen,2018
351211,Blair Witch,2016
351286,Jurassic World: Fallen Kingdom,2018
351339,Anthropoid,2016
351460,Death Note,2017
351510,The Sisters' Room,2015
351523,Purpose of Reunion,2015
351694,Monkey King: Hero Is Back,2015
351819,Fifty Shades of Black,2016
351901,12 Rounds 3: Lockdown,2015
351964,The Escort,2015
352088,Bending the Light,2014
352612,Breakout from Oppression,1978
353066,The Vanishing of Sidney Hall,2018
353069,Mother's Day,2016
353070,Going in Style,2017
353081,Mission: Impossible - Fallout,2018
353311,The Wiz Live!,2015
353326,The Man Who Knew Infinity,2016
353441,Little Paradise,2015
353486,Jumanji: Welcome to the Jungle,2017
353491,The Dark Tower,2017
353500,Essex Boys: Law of Survival,2015
353576,The Con Is On,2018
353577,Love at First Sight,2023
353595,LEGO DC Comics Super Heroes: Justice League - Attack of the Legion of Doom!,2015
353616,Pitch Perfect 3,2017
354110,Forsaken,2015
354282,Science Fiction Volume One: The Osiris Child,2016
354287,War Machine,2017
354288,Eva Doesn't Sleep,2015
354526,Serena the Sexplorer,2015
354556,Guardians,2017
354864,Everlasting,2016
354912,Coco,2017
355506,Siren,2016
355534,One World Agenda: The Illuminati,2015
355547,The Star,2017
355998,In the Room,2015
356056,A Box of Faith,2015
356085,Rape Zombie: Lust of the Dead 5,2014
356305,Why Him?,2016
356815,私は屈しない〜特捜検察と戦った女性官僚と家族の465日,2011
357096,I Spit on Your Grave III: Vengeance Is Mine,2015
357458,Young Mother: What's Wrong With My Age?,2015
358141,The Marshal's Daughter,1953
358365,Greek School Prayer,2014
358395,Origin Story,2018
358996,Hero,2015
359056,Primordial,2015
359246,Hell House LLC,2015
359410,Road House,2024
359440,Barista,2015
359483,Adidas Vs. Puma: The Brother's Feud,2016
359628,Assassination Classroom: Graduation,2016
359642,Descent Into Darkness,2013
359724,Ford v Ferrari,2019
359784,Maudie,2016
359921,Snow White,1990
359940,"Three Billboards Outside Ebbing, Missouri",2017
359983,The Lion Guard: Return of the Roar,2016
360055,Riot,2015
360188,Queen Crab,2015
360397,Ghost Light,2013
360404,"Monster High: Boo York, Boo York",2015
360605,Invisible Sister,2015
360606,Adventures in Babysitting,2016
360637,Unsupersize Me,2013
360776,Female Ninjas Magic Chronicles 3: Sacred Book of Sexual Positions,1993
360780,Female Ninjas Magic Chronicles 5: Secret Story of Jiraiya,1995
360784,Hidden,2015
360814,Dangal,2016
360920,The Grinch,2018
361023,Sebastián,2014
361183,Sum of Histories,2015
361292,Suspiria,2018
361297,The Long Way Home,2015
361380,Barbie & Her Sisters in the Great Puppy Adventure,2015
361743,Top Gun: Maverick,2022
361827,One Step Away,1985
362057,Martyrs,2015
363088,Ant-Man and the Wasp,2018
363093,The Tiger,2015
363676,Sully,2016
363992,The Wizard of Lies,2017
364324,Chronicles of the Ghostly Tribe,2015
364689,Ferdinand,2017
365045,Heidi,2015
365177,Borderlands,2024
365222,Ip Man 3,2015
365620,Ferrari,2023
365942,The Space Between Us,2017
366170,Yu-Gi-Oh!: The Dark Side of Dimensions,2016
366514,Up for Love,2016
366668,Playmobil: The Movie,2019
366672,Paws of Fury: The Legend of Hank,2022
366924,Batman: Bad Blood,2016
368031,Friend Request,2016
368940,Robinson Crusoe,2016
369192,Battle of the Sexes,2017
369196,I Spit on Your Grave: Déjà Vu,2019
369300,The Limehouse Golem,2016
369471,The Unspoiled Diamond,1982
369523,The Tale,2018
369557,Sing Street,2016
369885,Allied,2016
369972,First Man,2018
370172,No Time to Die,2021
370567,Sherlock Gnomes,2018
370663,Below Her Mouth,2017
370964,I Am Dragon,2015
371608,The Strangers: Prey at Night,2018
371638,The Disaster Artist,2017
371645,Hunt for the Wilderpeople,2016
372049,My Friend's Wife,2015
372058,Your Name.,2016
372343,The Snowman,2017
372519,The Ten Commandments: The Movie,2016
372758,Initial D Legend 3: Dream,2016
372921,Mutual Relations,2015
372962,Mai-chan's Daily Life,2016
373569,Snatched,2017
373571,Godzilla: King of the Monsters,2019
373879,One Piece: Adventure of Nebulandia,2015
374052,The Love Witch,2016
374205,One Piece Film: GOLD,2016
374475,Toni Erdmann,2016
374617,Imperium,2016
374720,Dunkirk,2017
374856,Detective Conan: The Darkest Nightmare,2016
375183,A Family Man,2016
375262,The Favourite,2018
375366,The Girl with All the Gifts,2016
375588,Robin Hood,2018
375785,Then Came You,2018
375794,"No manches, Frida",2016
375834,"It's Called 'Murder', Baby",1983
375846,Bad Sister,2015
375867,Paris Can Wait,2016
376290,Miss Sloane,2016
376570,Hush,2016
376659,Bad Moms,2016
376660,The Edge of Seventeen,2016
376812,Sultan,2016
376858,Boarding House 2,2016
376865,High Life,2018
376866,Jackie,2016
376867,Moonlight,2016
377263,Frantz,2016
377264,Morgan,2016
377897,Barbie: Spy Squad,2016
378018,The Void,2016
378064,A Silent Voice: The Movie,2016
378236,The Emoji Movie,2017
378240,Yu☆Gi☆Oh!,1999
379149,The Foreigner,2017
379170,Sherlock: The Abominable Bride,2016
379291,Justice League vs. Teen Titans,2016
379686,Space Jam: A New Legacy,2021
380124,Boo! A Madea Halloween,2016
380225,Like Crazy,2016
380565,Home Invasion,2016
381283,mother!,2017
381284,Hidden Figures,2016
381288,Split,2017
381289,A Dog's Purpose,2017
381341,Perfect Strangers,2016
381719,Peter Rabbit,2018
381890,The Mermaid,2016
381902,The Monkey King 2,2016
382190,Pokémon the Movie: Volcanion and the Mechanical Marvel,2016
382322,Batman: The Killing Joke,2016
382517,Open Season: Scared Silly,2015
382591,Two Is a Family,2016
382614,The Book of Henry,2017
383498,Deadpool 2,2018
383785,Kung Fu Yoga,2017
384018,Fast & Furious Presents: Hobbs & Shaw,2019
384521,The Cloverfield Paradox,2018
384527,Dolce... calda Lisa,1980
384677,Set It Up,2018
384680,Hostiles,2017
384737,Precious Cargo,2016
384798,Kill Command,2016
385103,Scoob!,2020
385128,F9,2021
385141,Boarding House,2014
385261,"Love, Lies",2016
385332,Terminal,2018
385687,Fast X,2023
386716,Young Mother 3,2015
386871,Voyeurism,2016
387426,Okja,2017
387592,Early Man,2018
387808,Purpose of Hiking,2016
387820,Strange Hair Salon,2015
387822,Comic Series,2016
387824,Mom's Friend,2015
387834,Married Women,2015
387843,An Affair: A Dangerous Sexual Play,2014
387847,My Friend's Older Sister,2016
387848,Buddy's Mom,2015
387893,Ice Age: The Great Egg-Scapade,2016
388399,Patriots Day,2016
389015,"I, Tonya",2017
389053,The Do-Over,2016
389870,Fudoh 2: Nohma Strikes Back!,1997
390043,The Hitman's Bodyguard,2017
390051,Aftermath,2017
390062,Jungle,2017
390497,Tunnel,2016
390634,Fate/stay night: Heaven's Feel II. Lost Butterfly,2019
390635,Fate/stay night: Heaven's Feel III. Spring Song,2020
390734,Kingsglaive: Final Fantasy XV,2016
390845,A Delicious Flight,2015
391423,The Night Before Enlisting,2016
391713,Lady Bird,2017
391757,Never Back Down: No Surrender,2016
391907,Purpose of Cohabitation,2016
392044,Murder on the Orient Express,2017
392144,Calendar Girl,2016
393209,Avatar 5,2031
393345,Cult of Chucky,2017
393392,Modori River,1983
393457,Fences,2016
393519,Raw,2016
393850,Senza vergogna,1986
394117,The Florida Project,2017
394223,Sniper: Special Ops,2016
395000,Young Mother 4,2016
395458,Suburbicon,2017
395817,The Thicket,2024
395834,Wind River,2017
395841,Hold the Dark,2018
395990,Death Wish,2018
395991,Only the Brave,2017
395992,Life,2017
396263,GANTZ:O,2016
396371,Molly's Game,2017
396373,Woman Walks Ahead,2018
396378,Supreme,2016
396422,Annabelle: Creation,2017
396461,Under the Silver Lake,2018
396535,Train to Busan,2016
396806,Anon,2018
397061,Dangerous Duty,1996
397243,The Autopsy of Jane Doe,2016
397298,Sexorcist,1996
397415,Vengeance: A Love Story,2017
397422,Rough Night,2017
397469,New Folder 2,2015
397538,Borg vs McEnroe,2017
397567,Along with the Gods: The Two Worlds,2017
397837,Before I Fall,2017
398173,The House That Jack Built,2018
398175,Brawl in Cell Block 99,2017
398181,You Were Never Really Here,2017
398222,Yongju Valley,2015
398818,Call Me by Your Name,2017
398924,A Bag of Marbles,2017
398929,Alibi.com,2016
398978,The Irishman,2019
399019,The Beguiled,2017
399035,The Commuter,2018
399055,The Shape of Water,2017
399057,The Killing of a Sacred Deer,2017
399106,Piper,2016
399170,Logan Lucky,2017
399173,The Assignment,2016
399174,Isle of Dogs,2018
399248,Beirut,2018
399360,Alpha,2018
399361,Triple Frontier,2019
399366,Marrowbone,2017
399402,Hunter Killer,2018
399404,Darkest Hour,2017
399566,Godzilla vs. Kong,2021
399579,Alita: Battle Angel,2019
399796,Life of the Party,2018
399897,Siren XXX: Magical Pleasure,2010
399905,Female War: A Nasty Deal,2015
400090,The Nightingale,2018
400106,Bright,2017
400136,Resident Evil: Vendetta,2017
400155,Hotel Transylvania 3: Summer Vacation,2018
400157,Wonder Park,2019
400160,The SpongeBob Movie: Sponge on the Run,2020
400535,Sicario: Day of the Soldado,2018
400554,A Minute’s Silence,2016
400579,Tully,2018
400617,Phantom Thread,2017
400650,Mary Poppins Returns,2018
400710,Flatliners,2017
400928,Gifted,2017
401104,To the Bone,2017
401200,Kursk,2018
401246,The Square,2017
401469,Widows,2018
401478,Death Race: Beyond Anarchy,2018
401513,Attraction,2017
401545,Everybody Knows,2018
401905,Fahrenheit 451,2018
401981,Red Sparrow,2018
402331,Hard Target 2,2016
402431,Wicked,2024
402529,All Eyez on Me,2017
402897,The Death of Stalin,2017
402900,Ocean's Eight,2018
403039,Those Science Freaks,2013
403119,47 Meters Down,2017
403300,A Hidden Life,2019
403605,Headshot,2016
404368,Ralph Breaks the Internet,2018
404378,A Street Cat Named Bob,2016
404574,Wife Watching,2014
404733,Overdrive,2017
405774,Bird Box,2018
405775,The Wall,2017
405817,Young Mother: The Original,2016
405871,On the Beach,1985
406429,League of Gods,2016
406563,Insidious: The Last Key,2018
406759,Moonfall,2022
406761,Hotel Artemis,2018
406990,What Happened to Monday,2017
406997,Wonder,2017
407375,Sniper: Ghost Shooter,2016
407436,Mowgli: Legend of the Jungle,2018
407439,Mary Magdalene,2018
407445,Breathe,2017
407448,Detroit,2017
407451,A Wrinkle in Time,2018
407655,A Cinderella Story: If the Shoe Fits,2016
407742,Sexy Night Report n. 2,1978
408220,Justice League Dark,2017
408270,Wet Woman in the Wind,2016
408349,My Neighbor's Wife,2016
408355,Throne of Elves,2016
408381,Monolith,2016
408567,Deadly Pickup,2016
408618,King of the Dancehall,2017
408647,Teen Titans: The Judas Contract,2017
408648,Batman and Harley Quinn,2017
408866,RE:BORN,2016
409276,What a Good Secretary Wants,2016
409282,Taboo - New Sister,2016
409387,Sex: A Relationship and Not Marriage,2016
409502,I'm Not Ashamed,2016
410113,The Loud House Movie,2021
410119,Yu Pui Tsuen II,1987
410199,ARQ,2016
411088,The Invisible Guest,2017
411143,Tau,2018
411728,The Professor and the Madman,2019
411840,Surf's Up 2: WaveMania,2017
411873,The Little Hours,2017
412092,Mom's Friend 2,2016
412117,The Secret Life of Pets 2,2019
412520,Sex Doll,2016
412546,Antrum,2018
412656,Chaos Walking,2021
412988,The Happytime Murders,2018
413052,Hacker,2016
413337,Girl in the Box,2016
413362,"Roman J. Israel, Esq.",2017
413518,Pinocchio,2019
413594,Sword Art Online: The Movie – Ordinal Scale,2017
413644,The Son of Bigfoot,2017
413658,The Warriors Gate,2016
413846,1992,2024
414419,Kill Bill: The Whole Bloody Affair,2006
414420,My Student's Mom,2016
414770,Antiporno,2017
414887,Madam,2015
414906,The Batman,2022
415010,Ravenous,2017
415842,American Assassin,2017
416144,Hotel Mumbai,2019
416148,Rocco,2016
416166,The Institute,2017
416194,The Quake,2018
416234,Winchester,2018
416477,The Big Sick,2017
417261,Forever My Girl,2018
417320,Descendants 2,2017
417384,Scary Stories to Tell in the Dark,2019
417644,CHiPS,2017
417678,"Everything, Everything",2017
417830,Diary of a Wimpy Kid: The Long Haul,2017
417859,Puss in Boots,2011
417870,Girls Trip,2017
417974,Female Workers: Romance At Work,2016
418078,It Comes at Night,2017
418437,Unforgettable,2017
418579,Young Sister-In-Law,2016
418580,Step-Brother,2016
418689,The Uninvited: A Welcome Guest,2016
418827,Sister's Younger Husband,2016
418879,The Current War,2018
419116,Russian Mom,2016
419329,Descendants of Adultery,2016
419430,Get Out,2017
419446,"Tiger, Blood in the Mouth",2016
419478,Midnight Sun,2018
419479,The Babysitter,2017
419566,LEGO Jurassic World: The Indominus Escape,2016
419680,Daddy's Home 2,2017
419704,Ad Astra,2019
419743,Disobedience,2018
419831,I Kill Giants,2017
419835,Crooked House,2017
420187,Fuga dall'Albania,1998
420426,Bleach,2018
420622,Professor Marston and the Wonder Women,2017
420634,Terrifier,2018
420808,Peter Pan & Wendy,2023
420809,Maleficent: Mistress of Evil,2019
420814,Christopher Robin,2018
420817,Aladdin,2019
420818,The Lion King,2019
420821,Chip 'n Dale: Rescue Rangers,2022
421473,Above Suspicion,2019
421658,Final Score,2018
421792,Down a Dark Hall,2018
421892,Shrek 5,2027
421928,Luck-Key,2016
422585,Sex Stories,1999
422803,A Shaun the Sheep Movie: Farmageddon,2019
423108,The Conjuring: The Devil Made Me Do It,2021
423132,Mosquito,2020
423204,Angel Has Fallen,2019
423502,My Friend's Mom,2016
424121,Apostle,2018
424139,Halloween,2018
424386,Una donna per tutti,1991
424488,Megan Leavey,2017
424649,Model for Murder: The Centerfold Killer,2016
424694,Bohemian Rhapsody,2018
424781,Sorry to Bother You,2018
424783,Bumblebee,2018
425001,The War with Grandpa,2020
425134,How to Be a Latin Lover,2017
425274,Now You See Me: Now You Don't,2025
425336,Loving Pablo,2017
425505,Kin,2018
425650,House with a Good View 3,2016
425909,Ghostbusters: Afterlife,2021
425972,Cargo,2017
426063,Nosferatu,2024
426249,Lords of Chaos,2018
426426,Roma,2018
426543,The Nutcracker and the Four Realms,2018
426563,Holmes & Watson,2018
426618,Where Hands Touch,2018
426889,Le Clitoris,2016
427641,Rampage,2018
427900,Home Again,2017
428045,Iron Mask,2019
428078,Mortal Engines,2018
428399,Cold Skin,2017
428449,A Ghost Story,2017
428605,Prostitution,2016
429189,Wonder Wheel,2017
429197,Vice,2018
429200,Good Time,2017
429300,Adrift,2018
429351,12 Strong,2018
429415,Extinction,2018
429417,Ghost Stories,2018
429422,Capone,2020
429450,Pandora,2016
429476,Hell Fest,2018
429617,Spider-Man: Far From Home,2019
429915,Sister-In-Law's Dream,2016
430040,The Hurricane Heist,2018
430155,Coma,2020
430231,The Endless,2017
430384,My Wife's Sister,2016
430447,Mary and The Witch's Flower,2017
431075,Polaroid,2019
431530,A Bad Moms Christmas,2017
431580,Abominable,2019
431693,Spies in Disguise,2019
432068,C'est la vie!,2017
432527,Padmaavat,2018
432836,Memoir of a Murderer,2017
432991,Sister of Mine,2017
433249,IO,2019
433251,Naked,2017
433310,When We First Met,2018
433498,Papillon,2017
433502,The Aftermath,2019
433627,7 Days in Entebbe,2018
433808,The Ritual,2017
433861,Lamog,2011
434203,Newness,2017
434355,Taxi 5,2018
434555,The Possession of Hannah Grace,2018
435038,The Painted House,2015
435366,Fabricated City,2017
435577,The 12th Man,2017
435800,Journey to the West: The Demons Strike Back,2017
435901,About Love,2017
436019,Good Girl,2015
436270,Black Adam,2022
436274,Radius,2017
436931,Pokémon the Movie: I Choose You!,2017
436969,The Suicide Squad,2021
437027,My Husband's Tutor,2017
437033,Toc Toc,2017
437068,A Taxi Driver,2017
437081,The Fortress,2017
437109,The Villainess,2017
437342,The First Omen,2024
437542,I Don't Like Younger Men,2017
437543,The Monkey King 3,2018
437557,Blockers,2018
437586,mid90s,2018
437633,Real,2017
438058,Case Closed: The Crimson Love Letter,2017
438148,Minions: The Rise of Gru,2022
438478,Pornocracy: The New Sex Multinationals,2017
438590,A-X-L,2018
438631,Dune,2021
438650,Cold Pursuit,2019
438674,Dragged Across Concrete,2019
438689,Siberia,2018
438695,Sing 2,2021
438747,Tangled: Before Ever After,2017
438799,Overlord,2018
438808,White Boy Rick,2018
438857,Cook Up a Storm,2017
439015,Slender Man,2018
439079,The Nun,2018
439466,White Lily,2016
440021,Happy Death Day,2017
440161,The Sisters Brothers,2018
440471,Escape Plan 2: Hades,2018
440472,The Upside,2019
440617,Family Reconstruction,2017
441130,Wolfwalkers,2020
441168,From Straight A's to XXX,2017
441282,Night Hunter,2019
441701,Veronica,2017
442062,Goosebumps 2: Haunted Halloween,2018
442065,The Last Full Measure,2020
442249,The First Purge,2018
442285,The Beguines,1972
442495,Sexology,2016
442809,Night Witches,2017
443463,Leave No Trace,2018
443791,Underwater,2020
444090,The Ash Lad: In the Hall of the Mountain King,2017
444483,Vassalord.,2013
444902,Dirty Dancing,2017
445030,"No Game, No Life: Zero",2017
445077,I'm a Porn Star: Gay 4 Pay,2016
445313,Playboy's Erotic Fantasies III,1993
445571,Game Night,2018
445585,The Photographer,2017
445588,Sexless,2017
445629,Fighting with My Family,2019
445651,The Darkest Minds,2018
445954,Acts of Vengeance,2017
446021,Bad Times at the El Royale,2018
446354,The Post,2017
446791,All the Money in the World,2017
446807,The Girl in the Spider's Web,2018
446893,Trolls World Tour,2020
446894,Smallfoot,2018
447200,Skyscraper,2018
447273,Snow White,2025
447277,The Little Mermaid,2023
447332,A Quiet Place,2018
447362,Life in a Year,2020
447365,Guardians of the Galaxy Vol. 3,2023
447404,Pokémon Detective Pikachu,2019
447665,Kickboxer: Retaliation,2018
447743,Inuyashiki,2018
447759,Adult Only Institute,2017
448119,Dolittle,2020
448776,A Prayer Before Dawn,2018
449176,"Love, Simon",2018
449406,Vivo,2021
449443,Den of Thieves,2018
449503,Kill 'em All,2017
449562,The Hustle,2019
449563,Isn't It Romantic,2019
449756,The Postcard Killings,2020
449924,Ip Man 4: The Finale,2019
449985,Triple Threat,2019
449992,The Night Comes for Us,2018
450001,Master Z: Ip Man Legacy,2018
450322,The Man Who Invented Christmas,2017
450446,FYP,2016
450465,Glass,2019
450636,Chained - The Seduction of Two Women,2017
451048,Jungle Cruise,2021
451156,Infidelity in Suburbia,2017
451417,The Girl Next Door,2017
451480,The Guernsey Literary & Potato Peel Pie Society,2018
451644,Dragonheart: Battle for the Heartfire,2017
451915,Beautiful Boy,2018
451955,Double Lover,2017
452030,Cinderella's Hot Night,2017
452073,Young Sister-In-Law 2,2017
452251,Beauty Salon: Special Service,2016
452507,1922,2017
452557,Wolf Warrior 2,2017
452558,Paradox,2017
452773,"Tad, the Lost Explorer, and the Secret of King Midas",2017
452832,Serenity,2019
452910,Immortal Demon Slayer,2017
453127,Midnight Runners,2017
453133,My Brother's Wife 3: The Woman Downstairs,2017
453201,The 15:17 to Paris,2018
453395,Doctor Strange in the Multiverse of Madness,2022
453405,Gemini Man,2019
453575,Crayon Shin-chan: Invasion!! Alien Shiriri,2017
453755,Arctic,2018
454033,Swinging Safari,2018
454227,Outlaw King,2018
454293,Night School,2018
454294,The Kid Who Would Be King,2019
454458,UglyDolls,2019
454527,Benedetta,2021
454615,Black Water,2018
454616,Adultery Diary: One More Time While I'm Still Wet,1996
454619,Overboard,2018
454626,Sonic the Hedgehog,2020
454639,Masters of the Universe,2026
454640,The Angry Birds Movie 2,2019
454983,The Kissing Booth,2018
454992,The Spy Who Dumped Me,2018
455207,Crazy Rich Asians,2018
455236,Accident Man,2018
455476,Knights of the Zodiac,2023
455551,The Recall,2017
455761,Female Hostel,2017
455839,Time Trap,2018
455980,Tag,2018
456740,Hellboy,2019
457136,Mary Queen of Scots,2018
457232,Lamborghini: The Man Behind the Legend,2022
457332,Hidden Strike,2023
457335,Guns Akimbo,2020
457697,XXXXXXX,2016
457799,"Extremely Wicked, Shockingly Evil and Vile",2019
457955,The Night Eats the World,2018
458083,Covet: Island of Desire,2017
458156,John Wick: Chapter 3 - Parabellum,2019
458190,The Last Subway,1999
458220,Palmer,2021
458253,Missing Link,2019
458305,Vivarium,2019
458353,High Heel Homicide,2017
458376,Neo Chinpira 2: Zoom Goes the Bullet,1991
458423,Mamma Mia! Here We Go Again,2018
458576,Monster Hunter,2020
458594,Peppermint,2018
458723,Us,2019
458737,First Reformed,2018
458897,Charlie's Angels,2019
459003,Mavka: The Forest Song,2023
459151,The Boss Baby: Family Business,2021
459910,Braven,2018
459992,Long Shot,2019
460019,Truth or Dare,2018
460105,Revenge Porn: Love Is Dead,2015
460229,Kiss and Kill,2017
460321,Close,2019
460458,Resident Evil: Welcome to Raccoon City,2021
460465,Mortal Kombat,2021
460555,Operation Red Sea,2018
460648,Bleeding Steel,2017
460668,I Feel Pretty,2018
460793,Olaf's Frozen Adventure,2017
460846,Security,2017
460885,Mandy,2018
461053,S.W.A.T.: Under Siege,2017
461130,Code 8,2019
462018,All the Wrong Friends,2016
462181,Palm Swings,2017
462883,Woody Woodpecker,2017
463088,The Game Changers,2019
463257,The Peanut Butter Falcon,2019
463272,Johnny English Strikes Again,2018
463821,The House with a Clock in Its Walls,2018
464026,Let's Go To Rose Motel,2013
464052,Wonder Woman 1984,2020
464502,Acrimony,2018
464504,A Madea Family Funeral,2019
464889,Sniper: Ultimate Kill,2017
465078,God: Serengeti,2017
465086,The Grudge,2019
465109,The Week Of,2018
465136,Every Day,2018
465595,Sweet Sex,2017
465597,My Friend's Nice Mother,2017
465603,Swapping: My Friend's Wife,2016
465914,If Beale Street Could Talk,2018
466081,The Informer,2019
466272,Once Upon a Time... in Hollywood,2019
466282,To All the Boys I've Loved Before,2018
466420,Killers of the Flower Moon,2023
466622,The Rhythm Section,2020
467012,Satan's Slaves,2017
467244,The Zone of Interest,2023
467417,Stake Out,2001
467632,Bad Samaritan,2018
467660,Unsane,2018
467824,Illang: The Wolf Brigade,2018
467938,Revenge,2018
468202,The Girl in the Fog,2017
468205,"No Date, No Signature",2017
468224,Tolkien,2019
468580,"Problem Children Are Coming from Another World, Aren't They?: Hot Springs Romantic Journey",2013
469028,Amazing Berendeev,1976
469877,Picture of Beauty,2017
470044,The Hate U Give,2018
470114,24 Hours to Live,2017
470229,Summer of 84,2018
470878,I Can Only Imagine,2018
471413,"Sex First, Love Second",2017
471506,Greta,2019
471507,Destroyer,2018
471564,The Couple's Sponsor,2016
472221,The Goat Life,2024
472451,Boy Erased,2018
472674,The Goldfinch,2019
472715,The Last Man,2018
473033,Uncut Gems,2019
473924,Reunion Goals: The Beginning,2017
474139,I Am Nezha,2016
474335,Uncle Drew,2018
474350,It Chapter Two,2019
474354,22 July,2018
474392,Samson,2018
474395,Teen Titans Go! To the Movies,2018
474412,To Her,2017
474764,The Lodge,2020
474982,The Christmas Train,2017
475210,How It Ends,2018
475215,Mirai,2018
475430,Artemis Fowl,2020
475557,Joker,2019
475888,Tell It to the Bees,2018
476292,Maquia: When the Promised Flower Blooms,2018
476299,Ghostland,2018
476669,The King's Man,2021
476926,The Titan,2018
476968,"Paul, Apostle of Christ",2018
477447,Overlord: The Undead King,2017
477489,Just a Breath Away,2018
477776,Code Geass: Lelouch of the Rebellion I - Initiation,2017
478820,The Emperor of Paris,2018
478829,Once Upon a Winter's Date,2017
479040,Acts of Violence,2018
479226,The Purity of Vengeance,2018
479455,Men in Black: International,2019
479718,The Outlaws,2017
479957,Desire,2017
480001,The Art of Self-Defense,2019
480042,Escape Plan: The Extractors,2019
480105,47 Meters Down: Uncaged,2019
480414,The Curse of La Llorona,2019
480434,Dreamland,2019
480530,Creed II,2018
480572,Bullet Head,2017
480647,The Lady in the Portrait,2017
480681,An Affair,2018
481084,The Addams Family,2019
481836,Two Mothers,2017
481840,The Sisters S-Scandal,2017
481848,The Call of the Wild,2020
481871,Mother's Job,2017
481891,An Affair: My Friend's Mom,2017
481994,Some: An Erotic Tale,2017
482036,Nice Sister-In-Law,2016
482040,Mom's Friend 3,2017
482059,My Girlfriend's Mother,2017
482204,My Sister-in-law's Job,2017
482207,Challenge Game,2016
482321,Ron's Gone Wrong,2021
482373,Don't Breathe 2,2021
482598,An Affair 2: My Friend's Step Mother - Director's Cut,2017
482617,My Girlfriend's Mom,2016
482706,Oligosaccharide The Movie,2017
483202,Eli,2019
483456,Peacemaker Kurogane: Belief,2018
483877,15+ Coming of Age,2017
483906,Polar,2019
483980,Z-O-M-B-I-E-S,2018
484133,Nude,2017
484247,A Simple Favor,2018
484437,The Hole in the Ground,2019
484468,The Wolf's Call,2019
484641,Anna,2019
484718,Coming 2 America,2021
484747,Little Tickles,2018
485415,Day of the Dead: Bloodline,2017
485811,Redcon-1,2018
485942,Batman Ninja,2018
486131,Shaft,2019
486589,Red Shoes and the Seven Dwarfs,2019
486898,Long Day's Journey into Night,2018
487242,Suicide Squad: Hell to Pay,2018
487291,Ride Like a Girl,2019
487297,What Men Want,2019
487558,BlacKkKlansman,2018
487616,Curiosa,2019
487670,The Death of Superman,2018
487672,Reign of the Supermen,2019
488143,Laboratory Conditions,2018
488623,Forgotten,2017
489150,Young Sister-in-Law 3,2017
489430,Terrified,2018
489929,Destination Wedding,2018
489999,Searching,2018
490132,Green Book,2018
490189,I Don't Like Younger Men 2,2017
491418,Instant Family,2018
491472,At Eternity's Gate,2018
491480,The Boy Who Harnessed the Wind,2019
491584,Burning,2018
492101,New Golden Lotus  I,1996
492104,New Golden Lotus II,1996
492188,Marriage Story,2019
492452,Ben Is Back,2018
493006,Case Closed: Zero the Enforcer,2018
493065,Cut Throat City,2020
493529,Dungeons & Dragons: Honor Among Thieves,2023
493820,Elena,2017
493922,Hereditary,2018
495764,Birds of Prey (and the Fantabulous Emancipation of One Harley Quinn),2020
495925,Doraemon: Nobita's Treasure Island,2018
495979,An Affair: Kind Daughters-in-law,2018
496243,Parasite,2019
496450,"Miraculous: Ladybug & Cat Noir, The Movie",2023
496704,Tremors: A Cold Day in Hell,2018
497582,Enola Holmes,2020
497698,Black Widow,2021
497828,Triangle of Sadness,2022
498248,Mia and the White Lion,2018
498934,Liverleaf,2018
499191,Call Boy,2018
499546,We,2018
499701,Dora and the Lost City of Gold,2019
499726,MILF,2018
499753,Sister-in-law's Seduction,2017
499932,The Devil All the Time,2020
500006,Utøya: July 22,2018
500475,SuperFly,2018
500664,Upgrade,2018
500682,The Highwaymen,2019
500840,I'm Thinking of Ending Things,2020
500852,Miss Bala,2019
500916,Primal,2019
500919,211,2018
501170,Doctor Sleep,2019
501395,True History of the Kelly Gang,2019
501907,A Beautiful Day in the Neighborhood,2019
501929,The Mitchells vs. the Machines,2021
501979,Bill & Ted Face the Music,2020
501989,Ode to Joy,2019
502033,Sound of Metal,2020
502292,The Last Summer,2019
502356,The Super Mario Bros. Movie,2023
502416,Ma,2019
502425,Escape from Pretoria,2020
503125,Little Monsters,2019
503417,She Came to Me,2023
503616,Second Act,2018
503619,The Package,2018
503736,Army of the Dead,2021
503919,The Lighthouse,2019
504056,Big Brother,2018
504172,The Mule,2018
504253,I Want to Eat Your Pancreas,2018
504525,"And This Will Pass, Too...",1985
504562,Motherless Brooklyn,2019
504588,"Mektoub, My Love: Intermezzo",2019
504608,Rocketman,2019
504827,The Bob's Burgers Movie,2022
504891,Secret Love: My Friend's Mom,2018
504903,Adultery Alumni Association,2018
504949,The King,2019
505026,Death on the Nile,2022
505058,Unfriended: Dark Web,2018
505177,10x10,2018
505192,Shoplifters,2018
505225,The Last Thing He Wanted,2020
505262,My Hero Academia: Two Heroes,2018
505283,My Cousin Sister,2019
505292,Youthful Older Sister,2018
505600,Booksmart,2019
505642,Black Panther: Wakanda Forever,2022
505706,The Golden Glove,2019
505904,Freaky Friday,2018
505914,A.I. Rising,2018
505948,I Am Mother,2019
505954,T-34,2018
506281,The World to Come,2021
506528,Harriet,2019
506574,Descendants 3,2019
506680,Unbroken: Path to Redemption,2018
506763,Detective Dee: The Four Heavenly Kings,2018
507076,Climax,2018
507086,Jurassic World Dominion,2022
507089,Five Nights at Freddy's,2023
507241,The Killer's Game,2024
507244,Afterburn,2025
507411,Natsume's Book of Friends the Movie: Ephemeral Bond,2018
507441,Sea Fever,2020
507532,Finestkind,2023
507732,The Testament of Sister New Devil: Departures,2018
508081,Young Mom,2017
508101,Plus One,2019
508138,Burn,2019
508439,Onward,2020
508442,Soul,2020
508570,The One and Only Ivan,2020
508586,Young Mother-in-Law,2018
508642,Gonjiam: Haunted Asylum,2018
508664,Danger Close: The Battle of Long Tan,2019
508763,A Dog's Way Home,2019
508883,The Boy and the Heron,2023
508935,The Eight Hundred,2020
508943,Luca,2021
508947,Turning Red,2022
508965,Klaus,2019
509585,7500,2019
509635,Alone,2020
509874,Lying and Stealing,2019
509967,6 Underground,2019
510460,Paris Pigalle,2018
511322,The Good Liar,2019
511642,Female Hostel 2,2018
511785,Alex Strangelove,2018
511809,West Side Story,2021
511987,Crawl,2019
512092,Smuggling Hendrix,2019
512195,Red Notice,2021
512196,Happy Death Day 2U,2019
512198,Dead Bride,2025
512200,Jumanji: The Next Level,2019
512895,Lady and the Tramp,2019
513045,Stuber,2019
513268,Body Cam,2020
513310,Boss Level,2021
513434,One Cut of the Dead,2017
513691,The Debt Collector,2018
513692,Raging Fire,2021
514207,Invasion,2020
514439,Breakthrough,2019
514593,You Should Have Left,2020
514847,The Hunt,2020
514921,The Aeronauts,2019
514999,Murder Mystery,2019
515001,Jojo Rabbit,2019
515195,Yesterday,2019
516329,Antlers,2021
516486,Greyhound,2020
516632,The Empty Man,2020
516729,Paddington in Peru,2024
516806,Last Sentinel,2023
517093,Balkan Line,2019
517096,Cosmoball,2020
517116,Haunt,2019
517764,The Farm,2019
517814,Capernaum,2018
517839,Border,2018
517909,The Laundromat,2019
517991,The Spy Gone North,2018
518068,Along with the Gods: The Last 49 Days,2018
518158,Leprechaun Returns,2018
518896,Warriors of Future,2022
518963,Believer,2018
518975,A Russian Youth,2019
519010,Pain and Glory,2019
519141,Matthias & Maxime,2019
519182,Despicable Me 4,2024
519185,Ayka,2018
519465,Queen of Hearts,2019
520023,Bodies Bodies Bodies,2022
520172,Happiest Season,2020
520360,King of Thieves,2018
520758,Chicken Run: Dawn of the Nugget,2023
520763,A Quiet Place Part II,2021
520788,Dystopia,2018
520946,100% Wolf,2020
521029,Annabelle Comes Home,2019
521034,The Secret Garden,2020
521777,Good Boys,2019
521935,Cam,2018
522016,The 355,2022
522162,Midway,2019
522212,Just Mercy,2019
522241,The Courier,2020
522320,Bob Lazar: Area 51 and Flying Saucers,2018
522402,Finch,2021
522417,Scorpion King: Book of Souls,2018
522444,Black Water: Abyss,2020
522478,Peter Rabbit 2: The Runaway,2021
522518,A Dog's Journey,2019
522627,The Gentlemen,2020
522681,Escape Room,2019
522924,The Art of Racing in the Rain,2019
522931,Hitman's Wife's Bodyguard,2021
522938,Rambo: Last Blood,2019
523139,In the Tall Grass,2019
523607,Maestro,2023
523849,The Last Sharknado: It's About Time,2018
524047,Greenland,2020
524216,The Mortuary Collection,2020
524247,The Intruder,2019
524251,I See You,2019
524348,The Report,2019
524369,The Many Saints of Newark,2021
524434,Eternals,2021
525657,Daughter of the Wolf,2019
525660,Dynasty Warriors,2021
525661,Bombshell,2019
525686,My Cousin the Sexologist,2016
526007,The Night Clerk,2020
526050,Little,2019
526051,Look Away,2018
526811,Simple Passion,2021
526896,Morbius,2022
527261,The Silence,2019
527435,The Christmas Chronicles,2018
527641,Five Feet Apart,2019
527729,Asterix: The Secret of the Magic Potion,2018
527774,Raya and the Last Dragon,2021
527776,Overcomer,2019
528085,2067,2020
528549,Room Salon College Girls,2018
528888,Dolemite Is My Name,2019
529203,The Croods: A New Age,2020
529216,Mirage,2018
529485,The Way Back,2020
529962,The Perfection,2018
529983,The Poison Rose,2019
530079,Ride Your Wave,2019
530254,The Witch: Part 1. The Subversion,2018
530382,In the Shadow of the Moon,2019
530385,Midsommar,2019
530442,"My Teacher, My Obsession",2018
530915,1917,2019
531219,Roald Dahl's The Witches,2020
531306,Rim of the World,2019
531309,Brightburn,2019
531384,Project Gutenberg,2018
531428,Portrait of a Lady on Fire,2019
531454,Eurovision Song Contest: The Story of Fire Saga,2020
531499,The Tax Collector,2020
531876,The Outpost,2020
532067,KONOSUBA – God's blessing on this wonderful world! Legend of Crimson,2019
532408,The Boogeyman,2023
532639,Pinocchio,2022
532652,The Resurrection of the Christ: Part One,2027
532671,The Prodigy,2019
532794,Sex Plate 17,2017
532973,Hell House LLC II: The Abaddon Hotel,2018
533444,Waves,2019
533514,Violet Evergarden: The Movie,2020
533533,TRON: Ares,2025
533535,Deadpool & Wolverine,2024
533642,Child's Play,2019
534171,Purpose of Reunion 2,2017
534179,Mother's Friends,2017
534490,Avengement,2019
535020,Thottal Poo Malarum,2007
535167,The Wandering Earth,2019
535292,21 Bridges,2019
535389,The Great Battle,2018
535544,Downton Abbey,2019
535581,The Dead Don't Die,2019
536115,Godzilla: The Planet Eater,2018
536437,Hypnotic,2023
536554,M3GAN,2022
536628,Megan,2018
536869,Cats,2019
537055,Wonder Woman: Bloodlines,2019
537056,Batman: Hush,2019
537059,Justice League vs. the Fatal Five,2019
537061,Steven Universe: The Movie,2019
537116,"tick, tick... BOOM!",2021
537739,Can You Keep a Secret?,2019
537915,After,2019
537921,Fixed,2025
537971,Mia,2017
537996,The Ballad of Buster Scruggs,2018
538338,Love Between Teachers and Students,2018
538751,The Day of Swapping,2017
538858,Tumbbad,2018
539517,Constantine: City of Demons - The Movie,2018
539537,Fantasy Island,2020
539649,The Lie,2018
539651,Don't Let Go,2019
539681,DC League of Super-Pets,2022
539885,Ava,2020
539892,Freaks,2019
539972,Kraven the Hunter,2024
540901,Hustlers,2019
541134,The Good Nurse,2022
541671,Ballerina,2025
542178,The French Dispatch,2021
542224,Gretel & Hansel,2020
542417,Skin,2019
542917,Twin Murders: The Silence of the White City,2019
543504,Detective vs. Sleuths,2022
543540,The Perfect Date,2019
543753,High Society,2018
543830,Church Sister,2018
544401,Cherry,2021
544581,Young Aunt,2018
545609,Extraction,2020
545611,Everything Everywhere All at Once,2022
545742,One Piece: Episode of Skypiea,2018
546110,The Rookies,2019
546121,Run,2020
546554,Knives Out,2019
546726,Sub Rosa,2014
547016,The Old Guard,2020
547205,SeX,2003
547513,Chespirito: El Niño Que Somos,2001
547565,The Night House,2021
548066,Level 16,2018
548473,Color Out of Space,2020
548754,River Runs Red,2018
549053,Last Christmas,2019
549110,The Breeding,2018
549294,Synchronic,2020
549509,The Brutalist,2024
549514,Fatale,2020
549590,Ordinary People,2018
550036,A Midnight Kiss,2018
550205,Wish Dragon,2021
550353,Three Husbands,2018
550776,Believe Me: The Abduction of Lisa McVey,2018
550988,Free Guy,2021
551271,Medieval,2022
551332,The Two Popes,2019
551804,Freaky,2020
552095,PAW Patrol: Mighty Pups,2018
552178,Dark Waters,2019
552524,Lilo & Stitch,2025
552532,Charm City Kings,2020
552688,The Mother,2023
553600,Promare,2019
553604,Honest Thief,2020
554241,Playing with Fire,2019
554447,A Female Employee's Taste,2018
554596,"No manches, Frida 2: paraíso destruido",2019
554600,Uri: The Surgical Strike,2019
554753,Mirreyes contra Godínez,2019
554776,An Affair: My Sister-in-law's Love,2018
554805,Kingdom,2019
554972,Unstoppable,2018
555285,"Are You There God? It's Me, Margaret.",2023
555604,Guillermo del Toro's Pinocchio,2022
555974,Brahms: The Boy II,2020
556090,L'aventureuse,1924
556574,Hamilton,2025
556678,Emma.,2020
556694,Three Thousand Years of Longing,2022
556803,The Princess Switch,2018
556901,Teen Titans Go! vs. Teen Titans,2019
556984,The Trial of the Chicago 7,2020
557635,After Porn Ends 3,2018
557946,Last Looks,2022
557950,Mainstream,2021
558144,Deadpool: No Good Deed,2017
558449,Gladiator II,2024
558915,The Color Purple,2023
559563,Teenage Little Sister,2018
559638,An Affair: My Wife's Friend,2018
559907,The Green Knight,2021
559937,S.W.A.T.,2019
559969,El Camino: A Breaking Bad Movie,2019
560016,Monkey Man,2024
560050,Over the Moon,2020
560057,The Sea Beast,2022
560144,Skylines,2020
560210,My Student's Mom 3,2018
560238,The Girl Next Door 2,2018
560527,The Dude in Me,2019
561717,The Perfect Find,2023
564140,Cold Feet,2018
564147,K.G.F: Chapter 1,2018
565028,Candyman,2021
565124,Fumiko's Legs,2018
565426,To All the Boys: P.S. I Still Love You,2020
565743,The Vast of Night,2019
565770,Blue Beetle,2023
566525,Shang-Chi and the Legend of the Ten Rings,2021
566810,The Dark Kingdom,2018
567189,Tom Clancy's Without Remorse,2021
567604,Once Upon a Deadpool,2018
567608,Last Moment of Clarity,2020
567609,Ready or Not,2019
567646,Extreme Job,2019
567748,The Guilty,2021
567797,The Dry,2021
567811,10 Lives,2024
567965,Misbehaviour,2020
567971,Vampires vs. the Bronx,2020
568091,Fractured,2019
568124,Encanto,2021
568160,Weathering with You,2019
568467,Ammonite,2020
568620,Snake Eyes: G.I. Joe Origins,2021
568770,The Containment,2025
568917,Fındıklar Kırılırken,2018
569094,Spider-Man: Across the Spider-Verse,2023
569268,Femdom:  Female Dominance,2017
569547,Black Mirror: Bandersnatch,2018
570503,Tune in for Love,2019
570587,Endless Loop,2018
570595,Russian Nymphet: Temptation,2004
570670,The Invisible Man,2020
571055,Down,2019
571346,American Kamasutra,2018
571357,L'éducatrice,1996
571391,Chicuarotes,2019
571891,Pokémon the Movie: Mewtwo Strikes Back - Evolution,2019
572154,Rascal Does Not Dream of a Dreaming Girl,2019
572164,EXIT,2019
572197,Mr. Zoo: The Missing VIP,2020
572468,Impetigore,2019
572802,Aquaman and the Lost Kingdom,2023
573171,Little Eggs: A Frozen Rescue,2022
573364,Detective Conan: Episode One - The Great Detective Turned Small,2017
573435,Bad Boys: Ride or Die,2024
573699,White Snake,2019
573730,Made in Abyss: Dawn of the Deep Soul,2020
574060,Gunpowder Milkshake,2021
574451,Turtles All the Way Down,2024
574475,Final Destination Bloodlines,2025
574982,The Blackout,2019
575264,Mission: Impossible - Dead Reckoning Part One,2023
575265,Mission: Impossible - The Final Reckoning,2025
575299,Fidelity,2019
575322,Project Gemini,2022
575463,Mama Weed,2020
575479,An Easy Girl,2019
575604,The Call,2020
575774,His House,2020
575813,Better Days,2019
576004,Porno,2019
576784,Upon the Magic Roads,2021
576845,Last Night in Soho,2021
576964,Sister Friend,2016
577851,Barbed Wire,1983
577922,Tenet,2020
578189,Black and Blue,2019
578701,Those Who Wish Me Dead,2021
578844,Young Sister In Law 4,2019
579047,Reminiscence,2021
579188,Crazy Romance,2019
579583,The King of Staten Island,2020
579828,Superdeep,2020
579974,RRR,2022
580116,The Rape,1982
580175,Another Round,2020
580489,Venom: Let There Be Carnage,2021
580988,Uma & Haggen,2024
581032,News of the World,2020
581387,Ashfall,2019
581389,Space Sweepers,2021
581392,Peninsula,2020
581526,Deliver Us from Evil,2020
581528,"The Gangster, the Cop, the Devil",2019
581531,Metamorphosis,2019
581600,Spenser Confidential,2020
581644,The Misfits,2021
581726,Infinite,2021
581734,Nomadland,2021
581997,Batman vs Teenage Mutant Ninja Turtles,2019
582014,Promising Young Woman,2020
582570,Sextuplets,2019
582596,The Wrong Missy,2020
582825,Ichigeki Sacchuu!! Hoihoi-san,2004
582913,The Room,2019
583083,The Kissing Booth 2,2020
583689,Moxie,2021
584242,Wet Season,2019
584855,Fierce Town,2025
585032,Sa Bang-ji,1988
585083,Hotel Transylvania: Transformania,2022
585216,Escape Room: Tournament of Champions,2021
585244,I Still Believe,2020
585245,Clifford the Big Red Dog,2021
585268,War,2019
585511,Luck,2022
585534,Morning Moon Is Cruel,1981
585831,The Bad Guys: Reign of Chaos,2019
585839,The Protector,2019
586047,Seobok,2021
586347,The Hard Way,2019
586353,The Master and Margarita,2024
586791,Little Fish,2021
587272,Father There Is Only One,2019
587412,K.G.F: Chapter 2,2022
587496,The Rental,2020
587727,Busty Girlfriend,2019
587792,Palm Springs,2020
587807,Tom & Jerry,2021
588108,Hansan: Rising Dragon,2022
588121,The Valley of the Tennessee,1944
588228,The Tomorrow War,2021
588648,Dragonkeeper,2024
588921,AINBO: Spirit of the Amazon,2021
589018,Savages,2024
589754,The Last Warrior: Root of Evil,2020
589761,Chernobyl: Abyss,2021
590223,Love and Monsters,2020
590593,The Queen of Black Magic,2019
590706,Jiu Jitsu,2020
590995,The Craft: Legacy,2020
591120,The Pirates: The Last Royal Treasure,2022
591273,Fear Street: 1994,2021
591274,Fear Street: 1978,2021
591275,Fear Street: 1666,2021
591278,Game of Thrones: The Last Watch,2019
591538,The Tragedy of Macbeth,2021
592350,My Hero Academia: Heroes Rising,2019
592544,Chị Mười Ba – Phần kết Thập Tam Muội,2019
592695,Pleasure,2021
592742,Be My Master,2018
592831,Megalopolis,2024
592834,My Spy,2020
592983,Spellbound,2024
592984,Hillbilly Elegy,2020
593395,Diabolik,2021
593643,The Menu,2022
593910,Cinderella,2021
594328,Phineas and Ferb the Movie: Candace Against the Universe,2020
594634,Close to the Horizon,2019
594718,Sputnik,2020
594767,Shazam! Fury of the Gods,2023
595148,Irresistible,2020
595586,Causeway,2022
595743,SAS: Red Notice,2021
595985,Cold Blood,2019
596161,Let Him Go,2020
597208,Nightmare Alley,2021
597219,The Half of It,2020
597233,Only,2020
597316,My Little Pony: A New Generation,2021
597803,Kader Bağlayınca,1970
597890,Voyagers,2021
597922,The Greatest Beer Run Ever,2022
598331,Rumble,2021
598387,The Tiger's Apprentice,2024
599335,Okay! Madam,2020
599521,Z-O-M-B-I-E-S 2,2020
599975,Countdown,2019
600354,The Father,2020
600583,The Power of the Dog,2021
601666,I Care a Lot,2021
601796,Alienoid,2022
601844,Becky,2020
602063,Rurouni Kenshin: The Final,2021
602147,Inheritance,2020
602223,The Forever Purge,2021
602269,The Little Things,2021
602666,Detective Chinatown 3,2021
602734,Spiral: From the Book of Saw,2021
603119,The Silencing,2020
603661,The Hating Game,2021
603692,John Wick: Chapter 4,2023
603921,College Girls' Secret Job,2019
604079,The Long Walk,2025
604360,The 8th Night,2021
604362,Hitman: Agent Jun,2020
604685,Den of Thieves 2: Pantera,2025
604822,Vanguard,2020
605116,Project Power,2020
605722,Long Distance,2024
605886,To Catch a Killer,2023
605928,The Power of the Present,2017
606117,A Cinderella Story: Christmas Wish,2019
606154,The Tunnel,2019
606234,Archive,2020
606402,Yaksha: Ruthless Operations,2022
606403,Special Delivery,2022
606523,Night in Paradise,2020
606679,The High Note,2020
606856,Togo,2019
607259,Fatherhood,2021
607383,AquaSlash,2019
607397,Young Mom 2,2019
608195,Ghosts of War,2020
609681,The Marvels,2023
609972,Paranormal Activity: Next of Kin,2021
610150,Dragon Ball Super: Super Hero,2022
610219,The Fire Inside,2024
610253,Halloween Kills,2021
610363,The One,2022
610465,Sweden Porno: Blonde Animal,1972
610892,Violet Evergarden: Eternity and the Auto Memory Doll,2019
611251,Jokōsei torio: seikan shiken,1977
611408,Do You Do You Saint-Tropez,2021
611698,A Writer's Odyssey,2021
611914,The Courier,2019
612152,Secret Obsession,2019
612706,Work It,2020
613200,The King's Avatar: For the Glory,2019
613504,After We Collided,2020
613689,Makmum,2019
613911,Bliss,2021
614295,Aunt's Temptation 2,2019
614409,To All the Boys: Always and Forever,2021
614479,Insidious: The Red Door,2023
614696,#Alive,2020
614722,Hell House LLC III: Lake of Fire,2019
614911,The Midnight Sky,2020
614917,King Richard,2021
614930,Teenage Mutant Ninja Turtles: Mutant Mayhem,2023
614933,Atlas,2024
614934,Elvis,2022
615165,Her Blue Sky,2019
615173,The Witch: Part 2. The Other One,2022
615453,Ne Zha,2019
615457,Nobody,2021
615469,Spiderhead,2022
615643,Minari,2021
615656,Meg 2: The Trench,2023
615658,Awake,2021
615665,Holidate,2020
615667,Ma Rainey's Black Bottom,2020
615677,We Can Be Heroes,2020
615774,Scooby-Doo! Return to Zombie Island,2019
615777,Babylon,2022
615904,Marry Me,2022
616037,Thor: Love and Thunder,2022
616219,Shining Modern History,2019
616446,Brothers,2024
616651,Stillwater,2021
616747,Haunted Mansion,2023
616820,Halloween Ends,2022
617126,The Fantastic 4: First Steps,2025
617359,Dispassionate Love,2018
617502,Jolt,2021
617505,Hubie Halloween,2020
617653,The Last Duel,2021
617786,The Other Lamb,2020
617986,Three Days and a Life,2019
618219,Mosul,2019
618344,Justice League Dark: Apokolips War,2020
618353,Batman: Death in the Family,2020
618354,Superman: Man of Tomorrow,2020
618355,Superman: Red Son,2020
618588,Arthur the King,2024
619165,Brother in Every Inch,2022
619264,The Platform,2019
619278,Inside Man: Most Wanted,2019
619297,Sweet Girl,2021
619730,Don't Worry Darling,2022
619778,Malignant,2021
619803,The Roundup,2022
619979,Deep Water,2022
620249,The Legend of Hei,2019
620725,Jexi,2019
621013,Chemical Hearts,2020
621191,Blue Story,2019
621587,Next Goal Wins,2023
621870,Secret Society of Second Born Royals,2020
623135,Sinkhole,2021
623491,The Babysitter: Killer Queen,2020
623511,The Burning Sea,2021
623521,The Dare,2019
624091,Sri Asih,2022
624479,Superman II: The Richard Donner Cut,2006
624860,The Matrix Resurrections,2021
624963,A Babysitter's Guide to Monster Hunting,2020
625450,Tall Girl,2019
625568,Unhinged,2020
625976,It Feels So Good,2019
626090,A Midsummer Night's Dream,2009
626289,O Filho do Homem,2019
626332,Flamin' Hot,2023
626393,The Sleepover,2020
626412,Alienoid: Return to the Future,2024
626735,Dog,2022
626872,Emergency Declaration,2022
626914,Young Mom 3,2019
627290,Antebellum,2020
627725,The Banker,2020
628704,Midnight,2021
628878,Panama,2022
628900,The Contractor,2022
628914,Queenpins,2021
628917,An American Pickle,2020
628922,Asphalt City,2024
629028,Mission: Possible,2021
629078,The Glassworker,2024
629176,Samaritan,2022
629542,The Bad Guys,2022
630004,The Vault,2021
630240,Titane,2021
630322,Battle at Big Rock,2019
630392,The Cursed,2021
630566,Clouds,2020
630586,Wrong Turn,2021
631132,Goblin Slayer: Goblin's Crown,2020
631842,Knock at the Cabin,2023
631843,Old,2021
632357,The Unholy,2021
632727,Texas Chainsaw Massacre,2022
633419,Firefly,2021
633604,Yummy,2019
634429,Shin Ultraman,2022
634492,Madame Web,2024
634528,The Marksman,2021
634649,Spider-Man: No Way Home,2021
635237,Arthur & Merlin: Knights of Camelot,2020
635302,Demon Slayer -Kimetsu no Yaiba- The Movie: Mugen Train,2020
635389,Jiang Ziya,2020
635731,Pig,2021
635744,Jarhead: Law of Return,2019
635910,The Last Voyage of the Demeter,2023
635996,Wonderland,2024
636514,Portals,2019
636706,Spaceman,2024
637534,The Stronghold,2021
637649,Wrath of Man,2021
637693,Spirit Untamed,2021
637920,Miracle in Cell No. 7,2019
638039,Penis Poetry,2017
638449,The Last Letter from Your Lover,2021
638507,How to Train Your Dragon: Homecoming,2019
638597,YES DAY,2021
638974,Murder Mystery 2,2023
639720,IF,2024
639721,The Addams Family 2,2021
639838,Cruel Fixation,2019
639933,The Northman,2022
640146,Ant-Man and the Wasp: Quantumania,2023
641284,Excitation au soleil,1978
641501,How I Became a Superhero,2020
641790,Trauma Center,2019
641934,Am I OK?,2024
642121,The Stranger by the Shore,2020
642328,Homejack Reverse,2017
642885,Hocus Pocus 2,2022
643215,Asterix & Obelix: The Middle Kingdom,2023
643216,The Nephew,2018
643532,The Card Counter,2021
643550,Nocturne,2020
643586,Willy's Wonderland,2021
643652,Fashion Show,2010
643882,The Princess Switch: Switched Again,2020
644092,Finding ʻOhana,2021
644105,Nurse Girls' Dorm: Shamed Angel,1987
644124,Dampyr,2022
644495,House of Gucci,2021
644583,The Mauritanian,2021
644758,FUCK TV,2019
645488,Aquaman: Heroines of Atlantis,2019
645710,The Voyeurs,2021
645757,That Christmas,2024
645788,The Protégé,2021
645886,The Unforgivable,2021
646097,Rebel Ridge,2024
646207,The Ice Road,2021
646315,The Legendary Lighter,2019
646380,Don't Look Up,2021
646385,Scream,2022
646389,Plane,2023
646683,The Exorcism,2024
646749,Yu Pui Tsuen,1986
647498,1942: Unknown Battle,2019
648579,The Unbearable Weight of Massive Talent,2022
648878,Eddington,2025
649609,Renfield,2023
650033,Free Fall,2025
651045,Noraebang: Hot Women 2,2019
651070,A Fall from Grace,2020
651571,Breach,2020
652572,Mom's Friend 6,2019
652628,Bad Detective: Reload,2019
652722,In the Arms of an Assassin,2019
652837,"Josee, the Tiger and the Fish",2020
653127,Female Hostel 3,2019
653346,Kingdom of the Planet of the Apes,2024
653349,Vacation Friends,2021
653598,Spree,2020
653601,Horse Girl,2020
653610,Disclosure,2020
653851,Devotion,2022
654028,The Christmas Chronicles: Part Two,2020
654571,How to Train Your Dragon: Snoggletog Log,2019
654754,Billie Eilish: The World's a Little Blurry,2021
654974,Home Sweet Home Alone,2021
655082,Eiffel,2021
656690,The Social Dilemma,2020
656908,Ramayana: Part One,2026
657654,Senior Couple and Exchange Sex,2019
658009,Ip Man: Kung Fu Master,2019
658224,"The Wizard of the Emerald City, Part 1",2025
658760,Isi & Ossi,2020
659940,The Marco Effect,2021
659959,Summer of 85,2020
660120,The Worst Person in the World,2021
660360,Noryang: Deadly Sea,2023
660942,The Innocents,2021
660982,American Pie Presents: Girls' Rules,2020
661231,Operation Mincemeat,2022
661374,Glass Onion: A Knives Out Mystery,2022
661539,A Complete Unknown,2024
661814,First Express,2006
661950,Alone,2020
662237,Sweet & Sour,2021
662402,Black Tea,2024
662546,Godmothered,2020
662638,Detective Conan: The Scarlet Bullet,2021
662708,Pokémon the Movie: Secrets of the Jungle,2020
663260,Black Box,2021
663558,New Gods: Nezha Reborn,2021
663677,Joshigakusei: shūdan bōkōjiken,1980
663712,Terrifier 2,2022
663870,Riders of Justice,2020
664413,365 Days,2020
664469,Amsterdam,2022
664767,Mortal Kombat Legends: Scorpion's Revenge,2020
664996,Apollo 10½: A Space Age Childhood,2022
665754,The Big Slime Movie,2020
666035,Wanted Man,2024
666154,Kayara,2025
666243,The Witcher: Nightmare of the Wolf,2021
666277,Past Lives,2023
666750,Dragonheart: Vengeance,2021
666781,Lesbian World: Fondling,1975
666950,An Affair: Kind Daughters-in-law 3,2019
667216,Infinity Pool,2023
667520,A Whisker Away,2020
667538,Transformers: Rise of the Beasts,2023
667717,Deep Sea,2023
667739,The Man from Toronto,2022
668333,Waisetsuna onna: kuroi hada ni naku,1985
668340,Maidaan,2024
668482,Roald Dahl's Matilda the Musical,2022
668489,Havoc,2025
668640,Official Competition,2021
669444,Les chevaliers du fiel dynamitent 2019,2020
669671,Night Teeth,2021
670266,Tremors: Shrieker Island,2020
670292,The Creator,2023
670435,Female Teacher Diary: Forbidden Sex,1995
671043,Spoiled Brats,2021
671502,Friend's Mothers 2,2020
671583,Upside-Down Magic,2020
671622,My Sister-in-law's Secret,2019
672183,Groper Train: Love Me From Behind,1989
672322,Rurouni Kenshin: The Beginning,2021
672582,The Deep House,2021
672647,The Map of Tiny Perfect Things,2021
673593,Mean Girls,2024
673785,Triple Raped,2004
674324,The Banshees of Inisherin,2022
675308,Lingering,2020
675327,Shadow in the Cloud,2020
675353,Sonic the Hedgehog 2,2022
675445,PAW Patrol: The Movie,2021
676547,Prey for the Devil,2022
676685,Panda Bear in Africa,2024
676701,"Tad, the Lost Explorer and the Emerald Tablet",2022
677115,Female Urologists 2,2020
677179,Creed III,2023
677638,We Bare Bears: The Movie,2020
678489,The Bridge Curse,2020
678512,Sound of Freedom,2023
679057,Bosomy Tae-hee,2020
680531,The Mad Women's Ball,2021
680593,The Dark and the Wicked,2020
680860,I Want You Back,2022
681019,Nobody Sleeps in the Woods Tonight,2020
681219,Hombre,2017
682075,The Adventure of A.R.I.: My Robot Friend,2022
682507,Where the Crawdads Sing,2022
682532,John and the Hole,2021
682826,My Friend's Daughter,2020
684501,Observation Man,2019
685833,What Happened at the Carpenter's Shop,2020
687163,Project Hail Mary,2026
687209,Female Wars: The Man Who Moved In,2016
687259,Ghost stories,1982
687637,That's Roman Porno: Smile of Goddesses,1988
689160,Delicious Tutor,2020
689249,Money Heist: The Phenomenon,2020
690846,"Patricia, A Hidden Passion",2020
690949,España en la Fórmula 1,2017
690957,Pushpa - The Rise,2021
691179,Friends: The Reunion,2021
693054,Cold Shivers,2016
693113,Midnight in the Switchgrass,2021
693134,Dune: Part Two,2024
693158,Proximity,2020
694939,Compatibility,2020
694943,Pizza Dare 1,2020
695166,Whim of the Sad Toy Nobuko Teacher,2015
695721,The Hunger Games: The Ballad of Songbirds & Snakes,2023
695773,Netoraserare 3 ~Love~,2018
696047,Citizen of a Kind,2024
696157,Whitney Houston: I Wanna Dance with Somebody,2022
696506,Mickey 17,2025
696806,The Adam Project,2022
697843,Extraction 2,2023
698508,Redeeming Love,2022
698687,Transformers One,2024
698818,Obscene House: Slave Wife,2020
698860,MOTHER,2020
698948,Thirteen Lives,2022
699071,My Mother's Friend,2018
700186,Mom's Friend 5,2018
700199,Mom's Friend 4,2018
700206,An Affair: My Friend's Mother 2,2018
700391,65,2023
700979,Friend's Mothers,2018
701175,The Paramedic,2020
701387,Bugonia,2025
701919,Mother's Friend 2,2018
702454,Swapping: My Friend's Wife 2,2018
702525,Bigfoot Family,2020
702936,Sniper: Assassin's End,2020
703363,Ending the Knight,2012
703451,Your Place or Mine,2023
703745,Deep Blue Sea 3,2020
703771,Deathstroke: Knights & Dragons - The Movie,2020
704239,The Union,2024
704440,Pizza Dare 2,2020
704673,Trigger Warning,2024
705559,My Mother's Lovers,2020
705861,Hustle,2022
705862,Red,2020
705996,Decision to Leave,2022
706503,Lost Bullet,2020
706693,Timestalker,2024
707610,Bosomy Mom,2020
707886,Feel the Beat,2020
709631,Cobweb,2023
710258,Rust,2025
710295,Wolf Man,2025
710832,Peaky Blinders: The True Story,2016
711978,Bosomy Mom 2,2020
713364,Clown in a Cornfield,2025
713607,Mom's Friend 2020,2020
713704,Evil Dead Rise,2023
714888,Argentina 1985,2022
715123,Books of Blood,2020
715253,Phantom,2023
715287,Stepmom's Desire,2020
715756,Dangerous Drugs of Sex,2020
715931,Emancipation,2022
716586,National Sexuality Management Committee,2018
717196,Niko: Beyond the Northern Lights,2024
717728,Jeepers Creepers: Reborn,2022
717930,Kandahar,2023
717980,Sharper,2023
718014,Hold Your Breath,2024
718032,Licorice Pizza,2021
718444,Rogue,2020
718789,Lightyear,2022
718821,Twisters,2024
718840,A Nice Girl Like You,2020
718930,Bullet Train,2022
719128,Idol Sex: LA Korean Women,2020
719221,Tarot,2024
719256,Jesus Revolution,2023
719958,Baby,2019
720042,Bosomy College Girl,2020
720321,Breathe,2024
720557,Tiger 3,2023
722149,Luther: The Fallen Sun,2023
722156,The World of Adultery,2020
723072,Host,2020
723419,Mr. Harrigan's Phone,2022
723562,Actresses: Sex Audition,2020
724106,R-Rated Idol Seung-ha's Sex Scandal,2020
724109,Hole-in-law,2020
724209,Heart of Stone,2023
724495,The Woman King,2022
724890,Housemaid Mom,2020
725201,The Gray Man,2022
726139,Project Silence,2024
726208,Don't Listen,2020
726209,Leave the World Behind,2023
726429,Xtreme,2021
726684,Miraculous World: Shanghai - The Legend of Ladydragon,2021
726739,Cats & Dogs 3: Paws Unite,2020
726759,Tetris,2023
726916,JJ+E,2021
727293,The Tender Bar,2021
727340,Hunt,2022
727745,The Kissing Booth 3,2021
728949,Nightbitch,2024
729097,Young Mother 5,2020
729165,Out of Exile,2023
729791,Musume Bugyo On-na Ro Hisho,1995
729854,Concrete Utopia,2023
730497,18 Year Old Seungha's Easy Piece of Cake,2020
730840,Trollhunters: Rise of the Titans,2021
732459,Blade of the 47 Ronin,2022
734253,Adipurush,2023
734265,Love Hard,2021
734286,MiLK,2010
735871,"My Rosy Life, His Rosy Passion",2014
736526,Troll,2022
736545,Nothing Serious,2021
736732,Broker,2022
736759,Making The Witcher,2020
737043,Swingers,2020
737057,Suspicious Practice Room: Special Treatment of Mother's Friend,2018
738562,Game of Thrones: The Story So Far,2017
738652,Copshop,2021
739405,Operation Fortune: Ruse de Guerre,2023
739547,Thelma the Unicorn,2024
740441,Unlocked,2023
740903,The Unhealer,2020
740925,No One Gets Out Alive,2021
740985,Borat Subsequent Moviefilm,2020
741067,Welcome to Sudden Death,2020
742317,Adult Children Games,2010
743439,PAW Patrol: Jet to the Rescue,2020
743885,Dangerous Stripper,2010
744275,After We Fell,2021
744276,After Ever Happy,2022
744409,The Freshly Cut Grass,2024
744653,The Thursday Murder Club,2025
744746,Caveat,2021
744857,When Evil Lurks,2023
745323,Big Tits Mom Friend,2020
745391,Love in Taipei,2023
745881,The Medium,2021
746036,The Fall Guy,2024
747188,Asteroid City,2023
747365,Rich Man Exchange Sex,2020
748167,Uglies,2024
748230,Salem's Lot,2024
748783,The Garfield Movie,2024
749170,Heads of State,2025
751237,Umma,2022
751741,Night at the Museum: Kahmunrah Rises Again,2022
752623,The Lost City,2022
753232,The Commando,2022
753342,Napoleon,2023
753453,V/H/S/94,2021
754609,Mrs. Harris Goes to Paris,2022
755566,Day Shift,2022
755812,"Miraculous World: New York, United HeroeZ",2020
755898,War of the Worlds,2025
756999,The Black Phone,2022
757725,Shadow Force,2025
757860,The Yin-Yang Master: Dream of Eternity,2020
758009,Shotgun Wedding,2022
758323,The Pope's Exorcist,2023
758330,"Good Luck to You, Leo Grande",2022
758336,Love Again,2023
758679,Mothers' Instinct,2024
758866,Drive My Car,2021
758923,Baaghi 4,2025
759175,The Princess,2022
760104,X,2022
760161,Orphan: First Kill,2022
760245,Foe,2023
760329,The Smashing Machine,2025
760497,The Match,2025
760727,Swingers,2008
760741,Beast,2022
760774,One Life,2023
760883,Blood Red Sky,2021
760926,Gold,2022
761053,Gabriel's Inferno: Part III,2020
761898,Sword Art Online the Movie – Progressive – Aria of a Starless Night,2021
762430,Retribution,2023
762441,A Quiet Place: Day One,2024
762504,Nope,2022
762509,Mufasa: The Lion King,2024
762968,Do Revenge,2022
762975,Purple Hearts,2022
763147,Across the River and into the Trees,2023
763152,More the Merrier,2021
763164,Apex,2021
763165,The Burial,2023
763215,Damsel,2024
763285,Ambulance,2022
763329,Red Rocket,2021
763633,"My Sister, Sister, Sister...",2019
763788,Dangerous,2021
764339,An Affair: My Wife's Friend 2,2019
764807,Felix and the Treasure of Morgäa,2021
765056,My Sister's Idol Trainee Friends,2020
765172,Rise of the Teenage Mutant Ninja Turtles: The Movie,2022
765245,Swan Song,2021
765897,The Unbreakable Boy,2025
766475,See How They Run,2022
766507,Prey,2022
766680,Sexo,2001
766798,Parallel Mothers,2021
766836,"Son's Girlfriend, Daddy's Girlfriend",2020
768362,Missing,2023
768744,My Hero Academia: World Heroes' Mission,2021
769749,Finding You,2021
770156,Lucy Shimmers and the Prince of Peace,2020
770254,Back to the Outback,2021
770906,Salaar: Part 1 - Ceasefire,2023
773543,Fib the Truth,2021
773736,TINA,2021
773804,Female Urologists 3,2020
773867,Seoul Vibe,2022
774370,Dog Man,2025
774531,Young Woman and the Sea,2024
774741,Diary of a Wimpy Kid,2021
774752,The Guardians of the Galaxy Holiday Special,2022
774825,The Ice Age Adventures of Buck Wild,2022
775560,My Virgin,1993
775996,Outside the Wire,2021
776305,Belle,2021
776503,CODA,2021
776797,The Sadness,2021
776835,The Magician's Elephant,2023
777245,Women Talking,2022
777443,The Electric State,2025
778810,Fireheart,2022
778855,Chickenhare and the Hamster of Darkness,2022
779782,The School for Good and Evil,2022
779816,White Bird,2023
780382,The Wolf and the Lion,2021
780609,Men,2022
781283,My Grandpa is Santa,2021
781732,Animal,2023
783110,Smugglers,2023
783675,The First Slam Dunk,2022
784524,Magazine Dreams,2025
784651,Fighter,2024
784941,Taming The Younger Sister-in-Law,2020
785084,The Whale,2022
785542,The Outrun,2024
785663,Old Henry,2021
786892,Furiosa: A Mad Max Saga,2024
787699,Wonka,2023
787723,13 Minutes,2021
787752,Fresh,2022
790459,Fingernails,2023
790462,I.S.S.,2024
790493,Spy Kids: Armageddon,2023
791042,Levels,2024
791137,Rising Shaolin: The Protector,2021
791155,Secret Headquarters,2022
791177,Bones and All,2022
791373,Zack Snyder's Justice League,2021
792293,Dumb Money,2023
792307,Poor Things,2023
793058,Hi-Five,2025
793387,Holy Night: Demon Hunters,2025
795514,The Fallout,2021
795607,Green Snake,2021
795778,Night Raiders,2021
796185,The Three Musketeers: D'Artagnan,2023
796499,Army of Thieves,2021
796849,Ride or Die,2021
798021,Family Switch,2023
798286,Beau Is Afraid,2023
798362,The Marsh King's Daughter,2023
798544,Summer Ghost,2021
798645,The Running Man,2025
799155,Attack,2022
799379,Project Wolf Hunting,2022
799583,The Ministry of Ungentlemanly Warfare,2024
799749,Shaved Bondage Demon,1992
799766,Better Man,2024
799876,The Outfit,2022
800158,The Killer,2023
800345,Carter,2022
800378,Chikan Densha: OL Kando Kurabe,1991
800409,Zarnitsa,2021
800510,Kimi,2022
800815,The Pale Blue Eye,2022
800937,Senior Year,2022
800939,Ticket to Paradise,2022
801293,Detective Conan: The Scarlet Alibi,2021
801335,Girl in the Basement,2021
801688,Kalki 2898-AD,2024
801965,Breaking,2022
802219,Bob Marley: One Love,2024
803114,The Requin,2022
803208,Orphan,2025
803796,KPop Demon Hunters,2025
804095,The Fabelmans,2022
804150,Cocaine Bear,2023
804616,Something in the Water,2024
804862,Bring Them Down,2025
805320,Bird Box Barcelona,2023
807172,The Exorcist: Believer,2023
807196,Boiling Point,2021
807339,Apartment 7A,2024
807356,Watcher,2022
808023,The Virtuoso,2021
808806,Subway Serial Rape: Uniform Hunting,1987
809107,Z-O-M-B-I-E-S 3,2022
809140,Father Stu,2022
809314,Trigger Point,2021
809787,Mafia Mamma,2023
810171,The Valet,2022
810658,Adam the First,2024
810693,Jujutsu Kaisen 0,2021
811592,One Shot,2021
811634,The Monkey King: Reborn,2021
811941,Devara: Part 1,2024
811944,Game Changer,2025
812037,Last Summer,2023
812225,Black Clover: Sword of the Wizard King,2023
812455,Victoria,2021
813258,Monster Pets: A Hotel Transylvania Short,2021
813477,Shin Kamen Rider,2023
814338,Lady Chatterley's Lover,2022
814340,Cha Cha Real Smooth,2022
814776,Bottoms,2023
814800,Goodnight Mommy,2022
814889,Never Let Go,2024
815029,Dovbush,2023
816904,Mummies,2023
817451,Endangered Species,2021
817758,TÁR,2022
818110,The Magic Flute,2022
818397,Memory,2022
818647,Through My Window,2022
818750,The In Between,2022
819876,Crimes of the Future,2022
820067,The Quintessential Quintuplets Movie,2022
820232,Demon Slayer: Kimetsu no Yaiba — Sibling's Bond,2019
820446,Downton Abbey: A New Era,2022
820525,After Everything,2023
820530,DAKAICHI - I'm being harassed by the sexiest man of the year - the Movie: Spain Arc,2021
820609,No One Will Save You,2023
822119,Captain America: Brave New World,2025
823219,Flow,2024
823452,The Boys in the Boat,2023
823464,Godzilla x Kong: The New Empire,2024
823482,Dream Scenario,2023
823625,Blacklight,2022
823766,The Wonder,2022
824003,Diabolik: Who Are You?,2023
826510,Harold and the Purple Crayon,2024
826749,Fortress,2021
826937,Sister-in-law's Taste 2,2021
826945,Sisters Virus,2021
827931,Time Cut,2024
828613,About Fate,2022
829051,About My Father,2023
829280,Enola Holmes 2,2022
829402,Ultraman: Rising,2024
829557,365 Days: This Day,2022
829560,The Next 365 Days,2022
829799,Paradise City,2022
830764,Pet Sematary: Bloodlines,2023
830784,"Lyle, Lyle, Crocodile",2022
830788,The Invitation,2022
830938,Love Will Tear Us Apart,2021
831405,Injustice,2021
831815,Saving Bikini Bottom: The Sandy Cheeks Movie,2024
831946,Interceptor,2022
831973,Shinjin kyonyû: Hasande san-patsu!,2014
832262,Force of Nature: The Dry 2,2024
832502,The Monkey King,2023
832964,Lee,2024
833237,Gokuraku sentô: Kyonyû yumomi,2011
833339,Speak No Evil,2022
833425,No Exit,2022
835113,Woman of the Hour,2024
836225,The Exorcism of God,2022
837335,La Chimera,2023
837881,She Said,2022
838209,Exhuma,2024
838240,Robot Dreams,2023
839033,The Lord of the Rings: The War of the Rohirrim,2024
839369,May December,2023
840326,Sisu,2022
840430,The Holdovers,2023
840705,Blink Twice,2024
840889,Stopmotion,2024
841755,Mortal Kombat Legends: Battle of the Realms,2021
842033,Ghost Mansion,2021
842328,Wish You Were Here,2025
842675,The Wandering Earth II,2023
842924,The Life of Chuck,2025
842942,Bandit,2022
842948,Susie Searches,2023
843241,The Seven Deadly Sins: Cursed by Light,2021
843380,Dead for a Dollar,2022
843527,The Idea of You,2024
843794,JUNG_E,2023
843847,Jerry & Marge Go Large,2022
843932,Nanny,2022
844075,New Gods: Yang Jian,2022
844185,Unfrosted,2024
844398,Shattered,2022
844417,Marlowe,2023
845111,The Three Musketeers: Milady,2023
845222,Kingdom: Ashin of the North,2021
845264,Ground Zero,2021
845404,Tyler Perry's A Madea Homecoming,2022
845659,Perfect Addiction,2023
845781,Red One,2024
845783,Baghead,2023
846422,The Old Guard 2,2025
846433,The Enforcer,2022
846817,Night,2024
848116,Rocky Aur Rani Kii Prem Kahaani,2023
848187,Role Play,2023
848326,Rebel Moon - Part One: A Child of Fire,2023
848538,Argylle,2024
849509,Jade,2024
850028,"Alice, Darling",2022
850165,The Iron Claw,2023
850439,The Damned,2025
850818,"Barbie: Big City, Big Dreams",2021
850871,Sayen,2023
850888,Sayen: The Huntress,2024
850920,The Parenting,2025
851644,20th Century Girl,2022
852046,Athena,2022
852096,We Have a Ghost,2023
852222,Ghosting Gloria,2021
852363,18 Year Old Model Rika's Fancy Walk,2020
852370,Idol Seungha's R-Rated Film Shooting,2021
852445,Acid,2023
852448,I Came By,2022
853033,Adultery Alumni Association 2,2019
853315,Adultery Alumni Association 3,2020
853376,Villa Maids,2021
853387,Lord of Misrule,2023
854239,Till,2022
855262,Pinball: The Man Who Saved the Game,2023
856289,Creation of the Gods I: Kingdom of Storms,2023
857598,Pushpa 2 - The Rule,2024
857702,LEGO Star Wars Terrifying Tales,2021
857800,Becoming Led Zeppelin,2025
858017,I Saw the TV Glow,2024
858181,Standing Woman,2021
858485,Kantara,2022
860410,Asebamu Akahadaka Tsuma,2017
860623,Last Man Down,2021
862551,Me Time,2022
862552,The Ritual Killer,2023
862557,The Hill,2023
862754,Alemania,2024
862965,Emily the Criminal,2022
862968,Pain Hustlers,2023
863873,Caddo Lake,2024
864101,Mira,2022
864116,A Day to Die,2022
864168,Joy Ride,2023
864370,Incantation,2022
864692,Pathaan,2023
865463,24 Year Old Yoon Yul's Sexy Breasts,2021
866398,The Beekeeper,2024
866413,You People,2023
866463,Reptile,2023
866678,Furioza,2021
868759,Ghosted,2023
869112,Somebody I Used to Know,2023
869291,Cuckoo,2024
869612,Master Gardener,2023
869626,Marcel the Shell with Shoes On,2022
869641,Vacation Friends 2,2023
870028,The Accountant²,2025
870096,Restart the Earth,2021
870270,My Wife's Sister 3,2019
870358,Merry Little Batman,2023
870360,The Day the Earth Blew Up: A Looney Tunes Movie,2024
870362,Moskau 1941 - Stimmen am Abgrund,2021
870404,Meteor,2021
870518,Sanctuary,2023
872585,Oppenheimer,2023
872906,Jawan,2023
873126,My Name Is Vendetta,2022
873492,Mahjong Nights,2021
875104,Ip Man: The Awakening,2021
875357,Ultimate Wife,1997
876792,That Time I Got Reincarnated as a Slime the Movie: Scarlet Bond,2022
876797,The Last 10 Years,2022
877269,Strange World,2022
877703,Teen Wolf: The Movie,2023
877817,Wolfs,2024
877957,Drifting Home,2022
878361,Big George Foreman,2023
878375,On a Wing and a Prayer,2023
878667,Chal Mera Putt 3,2021
879444,Accident Man: Hitman's Holiday,2022
879957,Wyrmwood: Apocalypse,2022
880313,The Wrath of God,2022
881211,Snoopy Presents: For Auld Lang Syne,2021
881415,Love Me,2025
882059,Boy Kills World,2024
882251,Silent Hours,2021
882569,Guy Ritchie's The Covenant,2023
882598,Smile,2022
883954,Broke,2025
883987,Megan,2020
884605,No Hard Feelings,2023
886396,Batman and Superman: Battle of the Super Sons,2022
886578,A Propos of the Truce with Finland,1944
888195,Hot Seat,2022
889675,The Pod Generation,2023
889737,Joker: Folie à Deux,2024
890656,Fistful of Vengeance,2022
890771,The Black Demon,2023
891699,Silent Night,2023
893694,Eva,2021
893712,Sword Art Online the Movie – Progressive – Scherzo of Deep Night,2022
893723,PAW Patrol: The Mighty Movie,2023
893752,Quasi,2023
894169,Vendetta,2022
894205,Werewolf by Night,2022
895744,Studio 666,2022
895954,Mother And Daughter Car Center,2021
895959,Float,2024
896151,Blitz,2024
896485,Overdose,2022
896499,Fruits Basket -prelude-,2022
896536,The Legend of Ochi,2025
897087,Freelance,2023
897160,Brave Citizen,2023
897192,Diary of a Wimpy Kid: Rodrick Rules,2022
899082,Harry Potter 20th Anniversary: Return to Hogwarts,2022
899112,Violent Night,2022
899445,Deep Fear,2023
899579,There's Something Wrong with the Children,2023
900667,One Piece Film Red,2022
901121,Cobweb,2023
901362,Trolls Band Together,2023
901385,Significant Other,2022
901563,Close,2022
901908,The Key Game,2022
903270,The Matchmaker,2021
903939,Detective Conan: The Bride of Halloween,2022
906126,Society of the Snow,2023
906221,Magic Mike's Last Dance,2023
910571,Fair Play,2023
910838,Bella,2021
911430,F1,2025
911835,Aunt,2021
911916,Spider-Man: Beyond the Spider-Verse,2027
912044,Weekend,2024
912480,Red Rooms,2023
912649,Venom: The Last Dance,2024
912908,Strays,2023
912916,The Other Zoey,2023
913259,Alisa,2021
913290,Barbarian,2022
913673,Nefarious,2023
913676,Three Musketeers,2004
914206,The Beast,2024
914215,Humane,2024
915935,Anatomy of a Fall,2023
916053,Something from Tiffany's,2022
916192,"The Tunnel to Summer, the Exit of Goodbyes",2022
916224,Suzume,2022
916605,The Infernal Machine,2022
916728,Slingshot,2024
917007,Bed Rest,2023
917496,Beetlejuice Beetlejuice,2024
919207,12.12: The Day,2023
920342,Monster's Battlefield,2021
921436,Escape,2024
921636,The Out-Laws,2023
921711,Tamil Rockers,2021
923387,When It Melts,2023
923667,Twilight of the Warriors: Walled In,2024
923939,The Wonderful Story of Henry Sugar,2023
924482,The Ledge,2022
926393,The Equalizer 3,2023
926670,Henry Danger: The Movie,2025
927068,The Dependent Variables,2022
927107,The Bricklayer,2023
927342,Amaran,2024
928270,Heatwave,2022
928333,Just For Meeting You,2023
928334,Julia's Lover,2022
928344,Weird: The Al Yankovic Story,2022
928358,Grand Jete,2022
928480,Monster Summer,2024
929078,The Puppet’s Tale,2025
929170,Honor Society,2022
929204,Wallace & Gromit: Vengeance Most Fowl,2024
929563,Big City Greens the Movie: Spacecation,2024
929590,Civil War,2024
930094,"Red, White & Royal Blue",2023
930564,Saltburn,2023
930600,The Deliverance,2024
931102,Ride On,2023
931285,Mortal Kombat II,2025
931349,Ash,2025
931599,Silip Sa Apoy,2022
931944,The Devil's Bath,2024
932086,Horizon: An American Saga - Chapter 1,2024
932420,Code 8 Part II,2024
932430,Prom Pact,2023
933131,Badland Hunters,2024
933260,The Substance,2024
933419,Champions,2023
933490,Hot Milk,2025
934194,Slash/Back,2022
934384,"Kinsenas, Katapusan",2022
934433,Scream VI,2023
934456,Americana,2025
934632,Rebel Moon - Part Two: The Scargiver,2024
934750,Molester Diary: A Man Who Kept Stroking Ass 2,1995
934758,Molester Diary: A Man Who Kept Stroking Ass 3,1996
935271,After the Pandemic,2022
935766,Chuck Billy and The Marvelous Guava Tree,2025
935906,Scrapper,2023
936108,Smurfs,2025
936245,Hidden Face,2024
936559,Another Training,2021
936621,Sex Game 6969,2022
936946,Harvest,2025
937085,Do Not Expect Too Much from the End of the World,2023
937101,In the Morning of La Petite Mort,2023
937249,57 Seconds,2023
937278,A Man Called Otto,2022
937287,Challengers,2024
937393,Bloat,2025
937941,Shelby Oaks,2025
938008,The Killer,2022
938086,Dangerous Younger Cousin,2021
938090,Yoon-Yool's Men Affairs,2021
938092,Call Center Accepts Everything,2021
938614,Late Night with the Devil,2024
939099,swingers ZwingerZ,2022
939243,Sonic the Hedgehog 3,2024
939335,Muzzle,2023
939899,Staring at Strangers,2022
940139,Here,2024
940551,Migration,2023
940721,Godzilla Minus One,2023
941632,Koichiro Uno's Female Gymnastic Teacher,1979
942576,Buried in Barstow,2022
942881,Lonely Castle in the Mirror,2022
943134,The Animal Kingdom,2023
943344,Underground Monster,2023
943542,Stealing Lust,2021
943822,Prizefighter: The Life of Jem Belcher,2022
943930,Tin & Tina,2023
944401,Dogman,2023
944865,Boon,2022
944952,The Royal Hotel,2023
945045,Kinbaku: Flower,2016
945675,One Week Friends,2022
945729,A Haunting in Venice,2023
945937,Fast Charlie,2023
945961,Alien: Romulus,2024
946517,Rape Frenzy: Five Minutes Before Graduation,1977
947106,The Love Sorceress,1972
947478,The Green Dinosaur,2024
947891,My Old Ass,2024
948549,Love Lies Bleeding,2024
948635,Little Daughters,2022
948713,The Last Kingdom: Seven Kings Must Die,2023
949248,Seductive Ghost,1974
949423,Pearl,2022
949484,Hounds of War,2024
949567,The Exorcism of Hannah Stevenson,2022
949977,X-Deal 2,2022
950387,A Minecraft Movie,2025
950396,The Gorge,2025
950784,Flame of Recca: Final Burning,2004
951491,Saw X,2023
952079,Invited Delivery Man 2,2022
954740,Fame or Shame,1992
955531,Sister Death,2023
955555,The Roundup: No Way Out,2023
955916,Lift,2024
955991,The Offering,2022
956842,Fly Me to the Moon,2024
956964,Consent,2023
957119,Sidelined: The QB and Me,2025
957304,Drive-Away Dolls,2024
957452,The Crow,2024
958196,Inside,2023
958226,Dead Camping The Live,2022
958263,Believer 2,2023
959092,Mayhem!,2023
959098,Autumn and the Black Jaguar,2024
959604,Beating Hearts,2024
960139,The House,2022
960258,Shark Bait,2022
960505,Za honban: Aidoru kashu-hen,1987
961268,Ballerina,2023
961323,Nimona,2023
961484,Last Seen Alive,2022
961651,Spider-Man: All Roads Lead to No Way Home,2022
963261,"Son's Girlfriend, Daddy's Girlfriend 2",2022
964819,99 Moons,2023
964980,Air,2023
965150,Aftersun,2022
966220,Sniper: The White Raven,2022
966576,The Quest for Tom Sawyer's Gold,2023
967582,3 Days Max,2023
967847,Ghostbusters: Frozen Empire,2024
967941,Wicked: For Good,2025
968051,The Nun II,2023
968171,Sex Education Mistresses,1973
968739,Dangerous Liaisons,2022
969492,Land of Bad,2024
969681,Spider-Man: Brand New Day,2026
969778,Hollywood Dream,2022
970347,The Killer,2024
970450,Werewolves,2024
970947,The Shrouds,2025
971188,My Year of Dicks,2023
972533,Last Breath,2025
972614,Knox Goes Away,2024
972731,"2025: Blood, White & Blue",2022
974036,Ordinary Angels,2024
974250,Greedy People,2024
974262,Descendants: The Rise of Red,2024
974453,Absolution,2024
974573,Another Simple Favor,2025
974576,Conclave,2024
974635,Hit Man,2024
974931,Totally Killer,2023
974950,Emilia Pérez,2024
975043,Which Brings Me to You,2023
975511,The Return,2024
975575,Little Blue,2022
975773,Wicked Little Letters,2024
975902,Boudica,2023
976573,Elemental,2023
976576,Emmanuelle,2024
976734,Canary Black,2024
976830,The Deep Dark,2023
976893,Perfect Days,2023
976906,Spitfire Over Berlin,2022
976912,Graphic Desires,2023
977262,Ezra,2024
977294,Tin Soldier,2025
978592,Sleeping Dogs,2024
978726,My Girlfriend is an Erotic Actress,2021
978796,Bagman,2024
979077,Fernanda,2022
979275,Mob Land,2023
979480,Open Marriage: Aru Fuufu no Katachi,2018
979660,Freaky Tales,2025
979924,On the Line,2022
980026,The Promised Land,2023
980078,Winnie the Pooh: Blood and Honey,2023
980083,Top Gunner: Danger Zone,2022
980477,Ne Zha 2,2025
980489,Gran Turismo,2023
981240,Hitozuma ichiban! Futarikiri Tonight,2021
981588,The No Man Zone. The Movie,2022
982271,Book Club: The Next Chapter,2023
982543,V for Vengeance,2022
982932,Shrapnel,2023
983507,Good Boy,2022
984249,Ruthless,2023
984324,The Wages of Fear,2024
985602,My Mother's Wedding,2025
985932,Virgin Forest,2022
985939,Fall,2022
986056,Thunderbolts*,2025
986070,The Wrath of Becky,2023
986097,HIM,2025
986206,Night Carnage,2025
987686,A Family Affair,2024
987917,Old Dads,2023
987963,친구 엄마,2018
988078,Through My Window: Across the Sea,2023
988402,Humanist Vampire Seeking Consenting Suicidal Person,2023
988707,Alien Artist,2022
989238,No Love Lost,2023
989473,Invitation to a Murder,2023
989662,A Different Man,2024
989730,Mononoke the Movie: The Phantom in the Rain,2024
989899,Ossidiana,2007
989937,The Seven Deadly Sins: Grudge of Edinburgh Part 1,2022
990140,Sakra,2023
990485,Scorpio Nights 3,2022
990691,Loving Adults,2022
991494,The SpongeBob Movie: Search for SquarePants,2025
991610,Invasion,2024
991708,El Conde,2023
992437,Kyodai bust 99: D-cup no onna,1985
992638,Catching Dust,2024
993234,Borders of Love,2022
993710,Back in Action,2025
993784,Lisa Frankenstein,2024
993933,Bad Behaviour,2023
994108,All of Us Strangers,2023
994682,Sexy Oral: Uwakina Kuchibiru,1984
994739,Hand,2022
995133,"The Boy, the Mole, the Fox and the Horse",2022
995456,Jurassic Greatest Moments: Jurassic Park to Jurassic World,2022
995803,Arena Wars,2024
995926,"I, the Executioner",2024
996154,Black Lotus,2023
996821,You're Cordially Invited,2025
997265,Rule 34,2023
998022,The Teachers' Lounge,2023
998630,The Lost Children,2023
998731,Sasaki and Miyano: Graduation,2023
998846,Back to Black,2024
999147,Lost Country,2023
999243,Hell of a Summer,2025
999613,Kristina,2022
999644,You Are So Not Invited to My Bat Mitzvah,2023
1000075,The Price of Money: A Largo Winch Adventure,2024
1000085,Morlaix,2025
1000837,I'm Still Here,2024
1000866,The Marching Band,2024
1001274,Night Call,2024
1001311,Under Paris,2024
1001414,Fear Street: Prom Queen,2025
1001435,The Future Awaits,2025
1001811,My Big Fat Greek Wedding 3,2023
1001835,Wifelike,2022
1001865,Scrooge: A Christmas Carol,2022
1002185,A Million Miles Away,2023
1002398,Donselya,2024
1002695,Mirreyes contra Godínez 2: El retiro,2022
1003579,Batman: The Doom That Came to Gotham,2023
1003581,Justice League: Warworld,2023
1003596,Avengers: Doomsday,2026
1003598,Avengers: Secret Wars,2027
1005076,Duchess,2024
1005331,Carry-On,2024
1005860,Seeds,2024
1006026,Like My Family,2018
1006462,The Flood,2023
1006540,Bullet Train Down,2022
1007401,Mortal Kombat Legends: Snow Blind,2022
1007734,Nobody 2,2025
1008042,Talk to Me,2023
1008409,The Bikeriders,2024
1008437,Baby Shark's Big Movie,2024
1008953,Incoming,2024
1010161,The Clean Up Crew,2024
1010581,My Fault,2023
1010600,The Strangers: Chapter 1,2024
1010756,The Strangers: Chapter 2,2025
1010928,Wingwomen,2023
1011477,Karate Kid: Legends,2025
1011679,Shark Side of the Moon,2022
1011985,Kung Fu Panda 4,2024
1012148,Chapel,2025
1012201,HAIKYU!! The Dumpster Battle,2024
1013154,Hard Truths,2024
1013482,Borderline,2025
1013601,The Alto Knights,2025
1013850,A Real Pain,2024
1013860,R.I.P.D. 2: Rise of the Damned,2022
1014214,Singham Again,2024
1014505,OVERLORD: The Sacred Kingdom,2024
1014590,Upgraded,2024
1014661,House of Spoils,2024
1015277,MOM!,2022
1015303,Elevator Game,2023
1015333,The Escort Wife,2022
1015963,High Heat,2022
1016011,Yoon-Yool and Russian Sexy Woman,2022
1016084,BlackBerry,2023
1016097,Stockings: Her Conspiracy,2021
1016121,Beautiful Disaster,2023
1016126,Two Sisters' Sexy Pervert,2021
1016346,MR-9: Do or Die,2023
1016446,The Perfumier,2022
1016848,The Front Room,2024
1017066,Heaven in Hell,2023
1017129,Detective Chirp & the Golden Beehive,2022
1017163,The Roundup: Punishment,2024
1017633,How to Date Billy Walsh,2024
1017775,Iro zange,1983
1018308,Free Sex,2020
1018339,18 Year Old Actress So-jeong's Ultimate Sex,2020
1018990,Continent,2024
1019317,Stolen,2024
1019411,Space Cadet,2024
1019420,Irish Wish,2024
1020006,Priscilla,2023
1020047,In the Hand of Dante,2025
1020398,Bishôjo onanie,1983
1020414,Peter Pan's Neverland Nightmare,2025
1020896,Handling the Undead,2024
1020910,Influencer,2023
1021582,Café Midnight,2022
1022256,Selena Gomez: My Mind & Me,2022
1022690,Ricky Stanicky,2024
1022787,Elio,2025
1022789,Inside Out 2,2024
1022796,Wish,2023
1023915,2073,2024
1023922,MaXXXine,2024
1024127,King of Killers,2023
1024621,Call Me Chihiro,2023
1024721,Monolith,2023
1025169,The Trapped 13: How We Survived The Thai Cave,2022
1025596,Blood for Dust,2024
1025802,Drifter,2023
1026222,Saint Clare,2025
1026436,Miller's Girl,2024
1026542,Baby Blue,2023
1026999,Kleks Academy,2024
1027073,In the Land of Saints and Sinners,2023
1027938,Milk Teeth,2024
1027973,Momoe's Lips: Love Beast,1980
1028196,Nickel Boys,2024
1028248,As Good as Dead,2022
1028703,The OctoGames,2022
1028725,Mutant: Ghost War Girl,2022
1029231,Merry & Gay,2022
1029235,Azrael,2024
1029244,The Chronicles of Libidoists,2024
1029281,Strange Darling,2024
1029330,Someone Like You,2024
1029445,Tubero,2022
1029446,Selina's Gold,2022
1029529,Powerless King,1981
1029575,The Family Plan,2023
1029880,Nightwatch: Demons Are Forever,2023
1029955,Kinds of Kindness,2024
1030076,Father There is Only One 4,2024
1030588,Ghost Cat Anzu,2024
1032372,Cold Meat,2024
1032425,The Dead Don't Hurt,2024
1032823,Trap,2024
1033774,Wish of the Fairy Fish,2023
1034062,Mortal Kombat Legends: Cage Match,2023
1034541,Terrifier 3,2024
1034662,Showroom,2022
1035048,Elevation,2024
1035259,The Naked Gun,2025
1035982,Hell House LLC Origins: The Carmichael Manor,2023
1036956,Jurassic World Camp Cretaceous: Hidden Adventure,2022
1037113,Snack Shack,2024
1037858,The Soccer Football Movie,2022
1038263,Maria,2024
1038392,The Conjuring: Last Rites,2025
1039690,Desperation Road,2023
1039868,Vanished into the Night,2024
1039960,Monster High 2,2023
1040148,"Ruby Gillman, Teenage Kraken",2023
1040159,My Massive Cock,2022
1040229,T.I.M.,2023
1041513,Encanto at the Hollywood Bowl,2022
1041613,Immaculate,2024
1041898,Pamasahe,2022
1042834,Eden,2025
1043565,Mindcage,2022
1043758,The Problem with People,2024
1043870,Reverse the Curse,2024
1043905,Dirty Angels,2024
1045021,Thug Life,2025
1045931,Crew,2024
1045938,G20,2025
1045944,The Boss Baby: Christmas Bonus,2022
1046032,The Bad Guys: A Very Bad Holiday,2023
1046090,"The Pig, the Snake and the Pigeon",2023
1046758,Sew Torn,2025
1047020,The Last Stop in Yuma County,2024
1047041,Detective Conan: Black Iron Submarine,2023
1047373,The Silent Hour,2024
1047925,Come Out Fighting,2023
1048241,My Spy The Eternal City,2024
1049574,Darkness of Man,2024
1049942,Bambi: The Reckoning,2025
1049948,Vikings: Battle of Heirs,2023
1050035,Monster,2023
1051891,Thelma,2024
1051896,Arcadian,2024
1052243,MANUEL,2022
1052280,It's What's Inside,2024
1053583,8,2025
1053594,Goat Girl,2025
1054867,One Battle After Another,2025
1055110,Female Teacher Closing the Door,2021
1055432,camrip,2022
1055451,Founders Day,2024
1056108,Summer Holiday,2023
1056360,American Fiction,2023
1056380,The Coffee Table,2023
1056444,The Colors Within,2024
1056803,Rascal Does Not Dream of a Sister Venturing Out,2023
1057001,The Childe,2023
1057491,Naughty,2023
1058537,Angels Fallen: Warriors of Peace,2024
1058638,Birth/Rebirth,2023
1058694,Radical,2023
1059064,The Instigators,2024
1059073,Winter Spring Summer or Fall,2024
1059128,Queer,2024
1059264,The Inseparables,2023
1059372,Dear David,2023
1059643,Clawfoot,2024
1059673,Avatar: The Deep Dive - A Special Edition of 20/20,2022
1059811,Flora and Son,2023
1060090,The Collective,2023
1061181,Kingdom III: The Flame of Destiny,2023
1061474,Superman,2025
1061699,The Six Triple Eight,2024
1061990,City Hunter,2024
1062215,Afraid,2024
1062276,Dark Match,2024
1062722,Frankenstein,2025
1062807,SPY x FAMILY CODE: White,2023
1063574,Misericordia,2024
1063877,Don't Move,2024
1064028,Subservience,2024
1064213,Anora,2024
1064307,Spermageddon,2025
1064375,Paradox Effect,2024
1064486,Memoir of a Snail,2024
1064551,Bela Luna,2023
1064835,The Seven Deadly Sins: Grudge of Edinburgh Part 2,2023
1066262,The Convert,2024
1067820,Awareness,2023
1069657,Superman,1960
1069905,Jay Kelly,2025
1069945,Manjummel Boys,2024
1070777,One Day as a Lion,2023
1070802,Confidential Informant,2023
1071215,Thanksgiving,2023
1071585,M3GAN 2.0,2025
1072342,Night Swim,2024
1072371,Jules,2023
1072790,Anyone But You,2023
1072798,Myrnyi-21,2023
1072876,Self Reliance,2024
1072890,The Traveller,2024
1073125,In Your Dreams,2023
1073383,清宫性史4之神医妙药,2002
1073588,Two Women,2025
1075175,How to Have Sex,2023
1075334,The Girl Who Escaped: The Kara Robinson Story,2023
1075515,Sandwich,2023
1075523,La Querida,2023
1075536,Suki,2023
1075676,Uprising,2024
1075789,The Ballad of Davy Crockett,2024
1075794,Leo,2023
1076364,Carl's Date,2023
1076487,Warhorse One,2023
1076935,Guests of Honor,2022
1077280,Die Hart,2023
1077782,Old Guy,2024
1078023,The King of Snipers,2023
1078249,Boundless,2024
1078600,Marked Men: Rule + Shaw,2025
1078605,Weapons,2025
1078959,A Mistake,2024
1079091,It Ends with Us,2024
1079244,Bonhoeffer: Pastor. Spy. Assassin,2024
1079346,5lbs of Pressure,2024
1079485,Winnie-the-Pooh: Blood and Honey 2,2024
1079715,Raised by Wolves,2020
1079810,The Long Game,2024
1081003,Supergirl,2026
1081012,Aftermath,2024
1081676,Forgotten Love,2023
1082010,Advanced Prostitute 2,2022
1082195,The Order,2024
1082415,Syndrome,2023
1083433,I Know What You Did Last Summer,2025
1083658,Scoop,2024
1083782,Seven Veils,2025
1083862,Resident Evil: Death Island,2023
1083968,Locked,2025
1084153,Sneaks,2025
1084199,Companion,2025
1084242,Zootopia 2,2025
1084244,Toy Story 5,2026
1084440,Daniela Forever,2025
1084736,The Count of Monte Cristo,2024
1084812,Aavesham,2024
1084863,The Soul Eater,2024
1086497,The Penguin Lessons,2025
1086548,Vera and the Pleasure of Others,2024
1086591,Rascal Does Not Dream of a Knapsack Kid,2023
1086747,The Watchers,2024
1087040,Money Shot: The Pornhub Story,2023
1087192,How to Train Your Dragon,2025
1087388,Sting,2024
1087822,Hellboy: The Crooked Man,2024
1087891,The Amateur,2025
1088166,Relay,2025
1088514,The Room Next Door,2024
1088563,Lassie: A New Adventure,2023
1089123,Daddy's Head,2024
1090007,First Shift,2024
1091181,Family Pack,2024
1092073,The Haunting at Saint Joseph's,2023
1092506,On Swift Horses,2025
1092899,The Siege,2023
1093237,Hurry Up Tomorrow,2025
1093966,Vettaiyan,2024
1093995,Chief of Station,2024
1094138,Jackpot!,2024
1094274,Y2K,2024
1094473,Bambi: A Tale of Life in the Woods,2024
1094556,The Thundermans Return,2024
1094713,The Mistress,2023
1094836,Uncontained,2025
1094844,Ape vs Mecha Ape,2023
1094936,"First stay date Rena Miyashita, holding hands, kissing, laughing, and then forgetting time and getting intertwined",2022
1094974,Take Cover,2024
1095033,Paupahan,2023
1096197,No Way Up,2024
1096342,Beautiful Wedding,2024
1096838,Here After,2024
1097150,Deliver Us,2023
1097311,Echo Valley,2025
1097549,Babygirl,2024
1097870,Dear Santa,2024
1098006,Fountain of Youth,2025
1098378,Your Monster,2024
1099413,The Rogue's Trial,2024
1099639,The Temptation of the Mature 50s Mother-in-law,2023
1100099,We Live in Time,2024
1100782,Smile 2,2024
1100842,新婚シリーズ　最初が肝心,1962
1100848,Zetsu-Rin! Invisible Hentai Man: Second Virgin and Magic Potion,2016
1100856,Whisper of the Witch,2024
1100988,28 Years Later,2025
1100998,SuperKlaus,2024
1101401,Sugar Baby,2024
1101448,Unstoppable,2024
1102493,Small Things Like These,2024
1102680,Академия детских наук. Музыка. Как сочинять оперы. Фильм 4,1990
1102776,AKA,2023
1103432,Bloody Escape: Bats Out of Hell,2024
1103621,How to Make Millions Before Grandma Dies,2024
1103678,And Their Children After Them,2024
1103731,In Vitro,2025
1103825,War of the Worlds: The Attack,2023
1103856,Sex Games,2023
1104271,Strange House,2023
1104844,BLUE LOCK THE MOVIE -EPISODE NAGI-,2024
1104845,Plankton: The Movie,2025
1105407,Damaged,2024
1106194,A Beautiful Imperfection,2024
1106289,The Pickup,2025
1106739,Juror #2,2024
1107450,Confession of Korean Wife,2014
1108427,Moana,2026
1108566,Killer Heat,2024
1108658,The Shift,2023
1109086,War 2,2025
1109137,Clemency,2023
1109255,Parthenope,2024
1110034,Kraken,2025
1110390,Teri Baaton Mein Aisa Uljha Jiya,2024
1111491,Katie's Mom,2023
1111873,Abigail,2024
1112103,Nephilim,2017
1112426,Stree 2,2024
1112466,The Balconettes,2024
1113583,"Oh, Canada",2024
1114513,Speak No Evil,2024
1114738,Boneyard,2024
1114894,Star Trek: Section 31,2025
1115167,A Spoiling Rain,2023
1115623,The Last Kumite,2024
1116465,A Legend,2024
1116490,Cash Out,2024
1117898,The Cat in the Hat,2026
1118028,The Red Virgin,2024
1118031,Apocalypse Z: The Beginning of the End,2024
1119106,"If My Favorite Pop Idol Made It to the Budokan, I Would Die: The Movie",2023
1119245,To Kill the Evening,2003
1119542,Zion,2025
1119878,Ice Road: Vengeance,2025
1120221,Nonok,2023
1120368,Horizon: An American Saga - Chapter 2,2024
1120903,The Moon Thieves,2024
1120911,Saturday Night,2024
1122099,The Ballad of Wallis Island,2025
1122418,This Time Next Year,2024
1122504,Exorcism in Utero,2023
1122932,See You on Venus,2023
1123282,Depravity,2024
1123516,Female College Student's Massage,2023
1124127,Air Force One Down,2024
1124619,Bride Hard,2025
1124620,The Monkey,2025
1124641,Classified,2024
1124838,Kingdom,2025
1125257,Freakier Friday,2025
1125311,Imaginary,2024
1125510,The Platform 2,2024
1125899,Cleaner,2025
1126166,Flight Risk,2025
1126915,Tornado,2025
1127087,Sijjin,2023
1127110,Diablo,2025
1127166,The Tearsmith,2024
1127227,Tayuan,2023
1127407,Frankie Freako,2024
1127625,The Salt Path,2025
1127674,The Forbidden City,2025
1127767,Riff Raff,2025
1128514,Big Sur Gay Porn,2023
1128546,Barron's Cove,2025
1128559,Super/Man: The Christopher Reeve Story,2024
1128606,"Snoopy Presents: Welcome Home, Franklin",2024
1128650,The Prosecutor,2024
1128655,The Surfer,2025
1128941,The Demon Disorder,2024
1129598,Prey,2024
1129610,BOCCHI THE ROCK! Recap Part 1,2024
1130022,Sovereign,2025
1130053,Cinderella's Curse,2024
1130276,Succubus,2024
1131759,Omniscient Reader: The Prophecy,2025
1134055,Kill Shot,2023
1134424,Mantra Warrior: The Legend of The Eight Moons,2023
1134433,Death Whisperer,2023
1134754,172 Days,2023
1135727,Sugapa,2023
1135829,Un Reino Para Todos Nosotros,2023
1135850,STW,2023
1135856,Mangga Muda Part 2,2023
1135869,Salome,2023
1135871,Open VCS,2023
1136001,"Lesbian in mourning Clothes, shameful Mother and Widow",2005
1136318,Battle Over Britain,2023
1136690,Love Lies,2024
1136721,The Glenarma Tapes,2024
1136867,Materialists,2025
1137047,West Sex Journey 2,1998
1137179,Yadang: The Snitch,2025
1137350,The Phoenician Scheme,2025
1138194,Heretic,2024
1138476,River,2023
1138749,The Island,2023
1139087,Once Upon a Studio,2023
1139566,Through My Window 3: Looking at You,2024
1139695,She's Got No Name,2025
1139817,Officer Black Belt,2024
1139829,Orion and the Dark,2024
1140142,Yakuza bayashi,1954
1140168,Freddy's Fridays,2023
1140233,Wife Swap,2022
1140535,Presence,2025
1140648,Double Blind,2024
1140847,Cinderella's Revenge,2024
1141233,Super Papa,2024
1141581,Kelas Bintang - Staycation,2023
1141868,Tante Siska,2023
1142178,Holy Week,2024
1142518,Freedom,2024
1143209,Meeting Conditions of a Virgin,2022
1143319,Puppy Love,2023
1143407,Sky Force,2025
1144107,The Legend of Hei 2,2025
1144202,Ayam Kampus,2023
1144430,Last Bullet,2025
1144962,Transmorphers: Mech Beasts,2023
1145221,It Feeds,2025
1145358,Dead Man's Hand,2023
1145491,Operation Black Ops,2023
1145645,Kamadora,2023
1145725,Tyler Perry's Duplicity,2025
1145758,Birder,2023
1146166,Kucing Liar Part 2,2023
1146210,Housefull 5,2025
1146348,"Scooby-Doo! and Krypto, Too!",2023
1146972,Mobile Suit Gundam SEED FREEDOM,2024
1147400,"Miraculous World: Paris, Tales of Shadybug and Claw Noir",2023
1147416,"Miraculous World: London, At the Edge of Time",2024
1147546,The Diplomat,2025
1147710,Hijack 1971,2024
1148027,New Life,2023
1148643,"Canadian, Sniper",2023
1148817,Vina: Before 7 Days,2024
1149167,High Rollers,2025
1149504,Honey Don't!,2025
1150394,La Leyenda de los Chaneques,2023
1151031,Bring Her Back,2025
1151039,Nonnas,2025
1151244,Vermiglio,2024
1151272,Sirāt,2025
1151470,The Vigilante,2023
1151534,Nowhere,2023
1151794,Onko Ki Kothin,2025
1151949,The Shadow Strays,2024
1152014,A Little Something Extra,2024
1152368,Succubus,2024
1152619,Possessions,2024
1152624,3 Days in Malay,2023
1152798,Game On,2024
1153399,Coolie,2025
1153714,Death of a Unicorn,2025
1154215,Elyas,2024
1154223,Hunting with Tigers,2024
1154269,Menantu dan Mertua,2023
1154304,Buffalo Kids,2024
1154864,Cursed,2023
1155058,Watchmen: Chapter I,2024
1155089,Justice League: Crisis on Infinite Earths Part One,2024
1155234,Endless Journey of Love,2025
1155281,Creation of the Gods II: Demon Force,2025
1155324,King Ivory,2025
1155739,3391 Kilometers,2024
1155828,Sing Sing,2024
1156196,Hollywoodgate,2024
1156593,Your Fault,2024
1158915,Dìdi (弟弟),2024
1159311,My Hero Academia: You're Next,2024
1160018,Kill,2024
1160360,If I Had Legs I'd Kick You,2025
1160956,Panda Plan,2024
1163189,Your Mother's Son,2023
1163522,LIVE STAGE BOCCHI THE ROCK!,2023
1163973,玉蒲团之天下第一,1999
1163974,The Karma of Sex,1999
1164061,Patikim-tikim,2023
1164355,Lembayung,2024
1164689,Doctor Cerebro,2024
1165067,Cosmic Chaos,2023
1165466,Wake Up,2024
1165642,Lost in Starlight,2025
1167027,The Remarkable Life of Ibelin,2024
1167271,Weekend in Taipei,2024
1167366,Uranus 2324,2024
1167898,Straight,2024
1168401,Laws of Man,2025
1169789,Bob Trevino Likes It,2025
1170608,Dune: Part Three,2026
1170657,Barbie and Stacie to the Rescue,2024
1170840,The President's Power and Weakness,1990
1170841,Seeking Haven for Mr. Rambo,2025
1171101,Kuberaa,2025
1171462,Golden Kamuy,2024
1171634,When Fall Is Coming,2024
1171640,GTMAX,2024
1172244,Moon,2024
1173558,Burning Betrayal,2023
1173900,I Am Nezha 2,2023
1174027,Mexico 86,2025
1174128,Forbidden Fairytale,2025
1174481,The 47,2024
1174618,Alice in Terrorland,2023
1175942,The Bad Guys 2,2025
1176128,Santa Isn't Real,2023
1178764,Possession Street,2024
1180445,Ahasss,2023
1180449,They Are Mine,2023
1180648,Mudbrick,2024
1180763,From the Shadows,2023
1180906,Desert Dawn,2025
1181039,Candle in the Tomb: The Worm Valley,2023
1181107,The King of Kings,2025
1181540,Guns Up,2025
1181863,Animal Adventures: Save The Forest,2024
1182047,The Apprentice,2024
1182387,Armor,2024
1183761,Here Now,2024
1184233,Hunting Daze,2024
1184918,The Wild Robot,2024
1185528,Legends of the Condor Heroes: The Gallants,2025
1186532,The Forge,2024
1186563,The Friend,2025
1186940,Cheer to Life,2025
1186947,Outlaw,2024
1186957,The Velveteen Rabbit,2023
1187294,¿Quién es quién?,2024
1187436,An Honest Life,2025
1188104,The X-Treme Riders,2023
1188258,18×2 Beyond Youthful Days,2024
1188423,Site,2025
1189423,The Sloth Lane,2024
1189735,Fréwaka,2025
1190012,South Park: Joining the Panderverse,2023
1190462,Breathing In,2023
1190511,Sitaare Zameen Par,2025
1190586,Leggings Mania,2023
1190868,V/H/S/Beyond,2024
1191666,The Rookie Guide,2025
1192209,Noah's Ark,2024
1193647,Message in a Bottle,2025
1193692,Little Jaffna,2025
1194963,Noise,2025
1195430,Deva,2025
1195506,Novocaine,2025
1195518,The Unholy Trinity,2025
1195585,The Hard Hit,2023
1195631,William Tell,2025
1196470,Survive,2024
1196573,She Rides Shotgun,2025
1196656,Sugar Baby,2023
1196943,Chhaava,2025
1197137,Black Phone 2,2025
1197306,A Working Man,2025
1197619,Lost on a Mountain in Maine,2024
1199974,Párvulos: Children of the Apocalypse,2024
1200063,A Gilded Game,2025
1201012,Dhoom Dhaam,2025
1201055,セクシャルダイナマイトヒロイン06,2015
1201176,Easter Bloody Easter,2024
1201262,Grafted,2024
1201734,God of Pain,2024
1201753,Get Away,2024
1202285,Porn,2023
1202479,Opus,2025
1203097,Ganti-Ganti,2023
1203329,The Witcher: Sirens of the Deep,2025
1204892,Picture This,2025
1205025,Foursome,2023
1205036,Sip,2023
1205515,"Sorry, Baby",2025
1205781,Dora: Say Hola to Adventure!,2023
1206008,Ella McCay,2025
1206083,Conjuring Tapes,2025
1207123,White Snake: Afloat,2024
1207830,Gracie & Pedro: Pets to the Rescue,2024
1207898,The Jack in the Box Rises,2024
1208348,Rental Family,2025
1208491,Zak & Wowo: The Legend of Lendarys,2024
1208808,Night Shift,2024
1208850,Conquer: Lahad Datu,2024
1208983,Neighborhood Watch,2025
1209217,Case Closed: The Million-Dollar Pentagram,2024
1209288,Justice League: Crisis on Infinite Earths Part Two,2024
1209290,Justice League: Crisis on Infinite Earths Part Three,2024
1209770,Bedspacer,2024
1209772,Karinyo Brutal,2024
1210732,How to Make a Killing,2025
1210794,Trouble,2024
1210938,Revelations,2025
1211373,바람난 아내들2,2018
1211472,September 5,2024
1211483,Skal: Fight for Survival,2023
1211957,The Painter,2024
1212073,Sixty Minutes,2024
1212142,Kinda Pregnant,2025
1212742,The Rule of Jenny Pen,2025
1212855,Fight or Flight,2025
1213736,人妻セックス地獄,1974
1213742,Tyler Perry's Divorce in the Black,2024
1213777,Dhadak 2,2025
1214011,Young Sister's Taste,2023
1214140,Monster Island,2025
1214314,One More Shot,2024
1214469,Ghostlight,2024
1214506,Will & Harper,2024
1214509,In a Violent Nature,2024
1214667,Making Squid Game: The Challenge,2023
1214784,Hibang,2023
1215162,Kill 'em All 2,2024
1216191,Oddity,2024
1216512,The Casagrandes Movie,2024
1216571,June & John,2025
1216780,Nadaaniyan,2025
1217343,This Is Me…Now,2024
1217345,Girl Haunts Boy,2024
1217379,Hellhound,2024
1217585,Outbreak,2025
1217690,Homestead,2024
1217876,Elli and the Ghostly Ghost Train,2024
1218602,Sarzameen,2025
1218628,Trouble Man!,2025
1218925,Chainsaw Man - The Movie: Reze Arc,2025
1219555,Wunderschöner,2025
1219620,All That’s Left of You,2025
1219926,South Park (Not Suitable for Children),2023
1221396,Self,2024
1221404,Crayon Shin-chan the Movie: Our Dinosaur Diary,2024
1221451,Salawahan,2024
1222064,River of Blood,2024
1222248,Number 24,2024
1223142,Girl Upstairs Who Likes Big Things,2023
1223178,Umamusume: Pretty Derby – Beginning of a New Era,2024
1223690,Pretty Thing,2025
1224178,Big Breasts Sucking,1991
1224392,A Break of Happy Moments,2024
1224668,Fury,2025
1224993,Dark Nuns,2025
1225377,The Mouse Trap,2024
1225482,I'll Lend You My Wife,2023
1225572,Screamboat,2025
1225767,Mushi-Shi: The Shadow That Devours the Sun,2014
1225915,Jewel Thief - The Heist Begins,2025
1226281,Pantasya ni Tami,2024
1226293,Salitan,2024
1226299,Dilig,2024
1226301,Kabit,2024
1226306,Katas,2024
1226406,Love Hurts,2025
1226578,Longlegs,2024
1227128,Raid 2,2025
1227274,Wishbone,2025
1227816,Red Right Hand,2024
1228246,Five Nights at Freddy's 2,2025
1228681,Sex,2024
1228682,Dreams (Sex Love),2024
1229007,Heaven's Gate Boksangsa Temple,2021
1229349,Yolo,2024
1229571,人妻の虜　隣のあさみさん,2023
1229646,"Robotia, la película",2024
1229730,Carjackers,2025
1230208,Squad 36,2025
1230477,given The Movie: Hiiragi Mix,2024
1231035,Gloria!,2024
1231767,Exchange Wife 2,2023
1231818,Purpose of Tutoring,2023
1231897,Secret Sex Between Horny Female College Students,2023
1231914,Female Workers: Romance at Work 3,2023
1232221,Mother-in-law in Love With Son-in-law 4,2023
1232449,Young Hearts,2024
1232546,Until Dawn,2025
1232645,The Vampire Next Door,2024
1232827,The Girl with the Needle,2024
1232933,Fear Below,2025
1233066,Das Kanu des Manitu,2025
1233069,Exterritorial,2025
1233208,Santosh,2024
1233413,Sinners,2025
1233575,Black Bag,2025
1233620,Winner Takes the Cake,2025
1234591,My Favourite Cake,2024
1234720,Couple Exchange,2023
1234811,Our Little Secret,2024
1234821,Jurassic World Rebirth,2025
1235304,Colours of Time,2025
1235431,Oshi no Ko -The Final Act-,2024
1235499,The Last Showgirl,2024
1235610,Mercato,2025
1235619,Les Bodin’s partent en vrille,2025
1235623,Eye for an Eye 2,2024
1236197,Follow,2025
1236204,Birthrite,2025
1236470,The Lost Bus,2025
1236471,Everyone Is Going to Die,2025
1239115,Warlord,2025
1239146,Woody Woodpecker Goes to Camp,2024
1239193,Deep Cover,2025
1239251,Megamind vs. the Doom Syndicate,2024
1239655,Friendship,2025
1240475,Hunt the Wicked,2024
1240773,Beautiful Sex Expert Investigator,2024
1240928,Stormy,2024
1240949,Beck 51 - Vilhelm,2024
1241320,Kingdom: Return of the Great General,2024
1241436,Warfare,2025
1241470,Osiris,2025
1241624,Ghost Train,2025
1241634,Saiyaara,2025
1241674,The Last Breath,2024
1241742,EKS,2024
1241743,Kapalit,2024
1241748,Kalikot,2024
1241750,Mapanukso,2024
1241752,Rita,2024
1241755,TL,2024
1241894,Woodwalkers,2024
1241982,Moana 2,2024
1242011,Together,2025
1242372,Escape from the 21st Century,2024
1242419,Roofman,2025
1242434,Highest 2 Lowest,2025
1242669,Mr. K,2025
1242898,Predator: Badlands,2025
1243341,Zombies 4 - Dawn of the Vampires,2025
1243381,Mary,2024
1244244,Cloud,2024
1244361,Operation Undead,2024
1244492,Look Back,2024
1244568,Kasalo,2024
1244881,Alone In The Night,2024
1244890,Sharp Corner,2025
1244944,The Woman in the Yard,2025
1244999,Stans,2025
1245080,Hyde,2025
1245165,Graduation Trip: Mallorca,2025
1245347,Twinless,2025
1245399,Hola Frida!,2025
1245934,Séance Games: Metaxu,2024
1245993,Caught Stealing,2025
1246049,Dracula,2025
1246310,Madea's Destination Wedding,2025
1246369,Muromachi Burai,2025
1246596,The Walking Dead: The Return,2024
1247019,Death Whisperer 2,2024
1247597,Salve Maria,2024
1248311,Shu Qi - Dreaming Naked Show,1996
1248482,Conditional Sex: Last One Night,2024
1248795,Art of Love,2024
1249013,Jugaremos en el bosque,2024
1249213,Drop,2025
1249289,Alarum,2025
1249385,Ghost Game,2024
1249926,Ghaati,2025
1250620,La coda del diavolo,2024
1252309,Ask Me What You Want,2024
1252377,La Dolce Villa,2025
1252428,Anaconda,2024
1254135,"13 Days, 13 Nights: In the Hell of Kabul",2025
1254604,I'm Focused and Bored,2024
1254624,Night Always Comes,2025
1254786,The Life List,2025
1254787,Ebony & Ivory,2025
1255020,Cruel War,2024
1255208,Bag of Lies,2024
1255788,The Gardener,2025
1257009,Primitive War,2025
1257407,When the Light Breaks,2024
1257586,The Hangman,2024
1257960,Sikandar,2025
1258151,Kraken,2025
1260820,Stream,2024
1260937,Chikan densha: Osawari tahatsu haji-tai,1998
1261050,The Quiet Ones,2024
1261148,The Deceased,2025
1261501,Ad Vitam,2025
1262299,El Apocalipsis de san Juan,2024
1262815,The Choral,2025
1262983,MadS,2024
1263029,Thammudu,2025
1263256,Happy Gilmore 2,2025
1263421,Baki Hanma VS Kengan Ashura,2024
1264854,Wanted: Girlfriend,2024
1266536,Strawberry Prince Movie: The Beginning - Strawberry School Festival!!!,2024
1266781,Natacha (Almost) Air Hostess,2025
1266860,What We Wanted to Be,2024
1266990,Kulong,2024
1266992,Balinsasayaw,2024
1267217,Sugar Baby,2024
1267905,The Roses,2025
1268663,New Town Mothers,2024
1268870,Nudus,2024
1269208,Wall to Wall,2025
1269732,The Legend of Condor Hero: What is Love,2025
1270305,The Star I Lost,2024
1270880,Katt Williams: Woke Foke,2024
1272149,Bridget Jones: Mad About the Boy,2025
1272837,28 Years Later Part 2: The Bone Temple,2026
1273472,Honey Money Phony,2024
1273930,周处除三嗨,2024
1274746,Baby,2025
1275003,Spirit in the Blood,2024
1275248,Sister Midnight,2025
1275964,Adult Best Friends,2024
1276073,Bullet Train Explosion,2025
1276089,A Few Hours in One Day,2024
1276945,Ferry 2,2024
1278099,The Honest Candidate,2024
1278101,Big World,2024
1278162,Panor,2025
1278164,Blood Brothers: Dragon's Embers,2025
1278263,The Seed of the Sacred Fig,2024
1278827,The Wedding Banquet,2025
1278950,The Ritual,2025
1278965,The Stone,2025
1279752,Baby Assassins: Nice Days,2024
1280282,Gabby's Dollhouse: The Movie,2025
1280330,Operation Hadal,2025
1280444,The Occupant,2025
1280461,Dirty Ice Cream,2024
1280468,Sisid Marino,2024
1280655,VIRGO,2021
1280672,One of Them Days,2025
1280768,No Time to Spy: A Loud House Movie,2024
1281398,Halabala,2025
1281826,One Fast Move,2024
1282404,Restart,2025
1282980,825 Forest Road,2025
1283793,Lust in the Rain,2024
1284004,May the 12th Be with You,2024
1284120,The Ugly Stepsister,2025
1284514,Sweet Jesus,2025
1285247,Murder Company,2024
1285282,Muay Thai Hustle,2025
1285366,Shape of My Heart,2024
1285728,A Normal Woman,2025
1285965,Dangerous Animals,2025
1286014,Suzume Lovely Tropical Bird,2021
1286663,Control Freak,2025
1287536,Dora and the Search for Sol Dorado,2025
1287717,Do Not Enter,2024
1288998,1978,2025
1289601,Life After Fighting,2024
1289936,Downton Abbey: The Grand Finale,2025
1290182,You Are the Apple of My Eye,2025
1290938,South Park: The End of Obesity,2024
1291559,Drawing Closer,2024
1293244,Four Letters of Love,2025
1293263,The Curse of the Necklace,2024
1293286,Gunslingers,2025
1293794,Jurassic Park: Prime Survival,2011
1294203,My Fault: London,2025
1294947,Let Me Be with You,2025
1294949,Mamá Reinventada,2025
1296338,Sumathi Valavu,2025
1296500,Un lío de millones,2024
1296504,Stand Your Ground,2025
1297028,Rosario,2025
1297107,My Girlfriend Is Crazy About Black Guy,2023
1297763,Batman Ninja vs. Yakuza League,2025
1297842,GOAT,2026
1297860,Inheritance,2025
1298727,The Volunteers: The Battle of Life and Death,2024
1299372,The Wailing,2024
1299652,Watchmen: Chapter II,2024
1300891,The Reign of Queen Ginnarra,2025
1300962,The Beast Within,2024
1301650,Z Zone,2024
1301988,Cita,2024
1302001,Top 1,2024
1302004,Kaskasero,2024
1302007,Kaulayaw,2024
1302011,Init,2024
1302014,Maharot,2024
1302151,Mesa de regalos,2025
1302916,Heart Eyes,2025
1303162,Cells at Work!,2024
1303613,Deaf,2025
1303660,The Outlaws,2024
1304434,Nobody,2025
1304594,Una Pequeña Confusión,2024
1305194,My Cousin the Sexologist 2,2024
1305653,Dongji Rescue,2025
1306061,Grande Maison Paris,2024
1306434,Doctor X: The Movie Final,2024
1306764,Outside,2024
1306816,My Daughter is a Zombie,2025
1306845,Jaat,2025
1307078,My Oxford Year,2025
1307520,The Biggest Fan,2025
1308619,Jaws @ 50: The Definitive Inside Story,2025
1308757,Dead Sea,2024
1308821,First Taste,2024
1309410,100 Million!,2025
1309584,Una figlia,2025
1309923,Non Negotiable,2024
1310372,Café 404,2024
1310682,11 Rebels,2024
1310871,The Cavern Crimes,2025
1311031,Demon Slayer: Kimetsu no Yaiba Infinity Castle,2025
1311550,House of Ga'a,2024
1311649,Son of Sardaar 2,2025
1311844,The Twisters,2024
1312559,Maalik,2025
1312833,A Knight's War,2025
1312946,The Map That Leads to You,2025
1313194,Summer of 69,2025
1314762,Drazen,2024
1315091,Toxic,2025
1315706,Sijjin 8,2025
1315905,Jailbreak Affair,2024
1315986,Man with No Past,2025
1315988,Mikaela,2025
1316147,Grand Prix of Europe,2025
1317088,The Assessment,2025
1317276,given the Movie: To the Sea,2024
1317931,Undercover. Inside the Bunker,2025
1317938,Norma: Antara Mertua dan Menantu,2025
1318803,Alpha.,2025
1318856,An Endless Wedding,2025
1318917,Chasing the Wind,2025
1319700,The Real You,2024
1319895,Hostile Takeover,2025
1319951,40 Acres,2025
1319969,Sketch,2025
1320400,Apocalypse in the Tropics,2025
1321017,The Party's Over,2025
1321952,"Sofia, the Possession",2024
1322752,COLORFUL STAGE! The Movie: A Miku Who Can't Sing,2025
1322790,Fanny,2025
1322985,Nezha: Demon Child is Back,2024
1323784,Bad Influence,2025
1323798,Leprechaun: The Beginning,2025
1323853,Norbert,2025
1325218,Private Tutor,2024
1325221,F-Buddies,2024
1326059,Pimpinero: Blood and Oil,2024
1326106,Kaiju No. 8: Mission Recon,2025
1327819,Hoppers,2026
1327862,Regretting You,2025
1327872,Frozen: The Hit Broadway Musical,2025
1328803,Prisoner of War,2025
1328814,Amityville: Where the Echo Lives,2024
1328913,Padre no hay más que uno 5: Nido repleto,2025
1329271,Oho Enthan Baby,2025
1329336,The Bad Guys: Haunted Heist,2024
1330435,Ghost Killer,2025
1331344,No Voltees,2024
1331375,Dominique,2024
1333099,Dalia and the Red Book,2024
1333100,Attack on Titan: THE LAST ATTACK,2024
1336928,McMansion,2025
1337309,Bangkok Breaking: Heaven and Hell,2024
1337395,Kiskisan,2024
1337397,Mischief,2024
1337404,Tahong,2024
1337411,Obsesyon,2025
1338799,JUJUTSU KAISEN: Hidden Inventory / Premature Death - The Movie,2025
1339166,Shaman,2025
1340168,Blink,2024
1340355,Under Ninja,2025
1341130,Bloody Killer,1989
1352774,Piglet,2025
1352858,Estela,2024
1353117,Home Sweet Home: Rebirth,2025
1353328,Hook,2025
1353333,Mouseboat Massacre,2025
1353523,Stranded Pearl,2024
1354253,The Girl Downstairs Extra: Promised Future,2024
1354627,SpongeBob Squarepants: Kreepaway Kamp,2024
1355126,Sugar Mill,2025
1355621,未亡人銭湯 おっぱいの時間ですよ！,2010
1355755,An Almost Christmas Story,2024
1356039,Counterattack,2025
1356236,Saint Catherine,2024
1356670,Late Shift,2025
1357305,Detective Chinatown 1900,2025
1357459,Triangle,2024
1357633,Solo Leveling -ReAwakening-,2024
1357933,The Cellar,2024
1358013,Un funeral de locos,2025
1358210,Bait,2025
1358280,Taboo: Family Secrets,2024
1358797,Breathing Underwater,2024
1359227,LEGO Marvel Avengers: Mission Demolition,2024
1359607,Miss Kobayashi's Dragon Maid: A Lonely Dragon Wants to Be Loved,2025
1359977,Conjuring the Cult,2024
1360170,"Maria, I'm Dying!",2024
1360610,The Menendez Brothers,2024
1361622,Honeymoon Crasher,2025
1362101,Blue Cave,2024
1362133,Pure Love,2024
1362467,Rhythm in the Blood,2016
1363224,Fear Cabin: The Last Weekend of Summer,2024
1364176,Miocardio,2025
1365103,Marriage Unplugged,2024
1367947,Gowok: Javanese Kamasutra,2025
1368337,The Odyssey,2026
1371151,Off the Grid,2025
1371202,iHostage,2025
1371727,Sing: Thriller,2024
1371789,Lick,2024
1372447,Vulgar,2024
1372665,The Lost Children,2024
1373723,The Codes of War,2025
1374534,Almost Cops,2025
1376434,Predator: Killer of Killers,2025
1377424,Victoria,2024
1377784,Bigayan,2024
1379520,Rule Breakers,2025
1379587,Utopia,2024
1380682,The Last Rodeo,2025
1382406,Striking Rescue,2024
1383072,Mahavatar Narsimha,2025
1383840,Lucia Bud,1992
1385033,Labinak: Mereka Ada di Sini,2025
1388244,From Roger Moore with Love,2024
1388366,Popeye the Slayer Man,2025
1388694,The Calendar Killer,2025
1388874,Boss Ma'am,2024
1389038,Mickey and the Very Many Christmases,2024
1389137,Komang,2025
1389158,Maa,2025
1390595,Initial D: Extra Stage 2 - Green Departure,2008
1391013,Aap Jaisa Koi,2025
1391047,Control Room,2025
1391153,The Book of Sijjin & Illiyyin,2025
1393850,Xxxxxxxx,2023
1395724,Chijin no Ai,2024
1396122,Taandob,2025
1396965,Detective Conan: One-Eyed Flashback,2025
1397347,Saturday Night's Main Event XXXVII,2024
1397832,A Widow's Game,2025
1399515,The Adventure,2025
1399964,Skiptrace,2024
1400224,Boy Kaldag,2024
1400232,Secret Sessions,2024
1401502,A Cool Fish 2,2025
1401586,Sonic the Hedgehog 4,2027
1402859,Quarantine,2025
1403735,Laila,2025
1404380,Saptha Kandam,2024
1404404,Crayon Shin-chan: Super Gorgeous! Glow Kasukabe Dancer,2025
1405338,Demon City,2025
1406000,Небриллиантовая рука,2024
1406607,The Stage,2025
1406831,Vanished Out of Sight,2025
1407861,The Bayou,2025
1408248,Squid Game: Fireplace,2024
1409925,Away,2025
1410082,Sniper: The Last Stand,2025
1410221,Un año y un día,2025
1411773,The Last Stand of Ellen Cole,2024
1412113,Squid Game: Making Season 2,2025
1413052,Bloodrunner Zero,2018
1413643,Sin él,2025
1414048,Day of Reckoning,2025
1414272,Belyas,2025
1416651,Invincible Swordsman,2025
1417059,Mountainhead,2025
1417421,The Bad Guys: Little Lies and Alibis,2025
1417848,Spark me tenderly,2024
1419406,The Shadow's Edge,2025
1421982,Kiff Lore of the Ring Light,2025
1422096,Good Boy,2025
1422211,The Pursuit of Lust,2025
1422227,Aşk Sadece Bir An,2025
1422294,Jalan Pulang,2025
1422634,Flight 149: Hostage of War,2025
1423756,The Land That Time Forgot,2025
1425045,Brick,2025
1425641,Maargan,2025
1426306,Titan: The OceanGate Submersible Disaster,2025
1426680,Our Times,2025
1426776,STRAW,2025
1428264,Semi-Soeter,2025
1429744,Ziam,2025
1429834,Almost Family,2025
1430422,Childish Things,2025
1432009,Destruction Before Construction: The Making of Ne Zha 2,2025
1432046,남친깨기전에빨리빼!,2021
1433593,The Red Thread,2025
1433735,Loco Por Ella,2025
1436706,Padres,2025
1438208,Blind Vacation,2025
1440718,Bono: Stories of Surrender,2025
1441782,Mirreyes contra Godínez: Las Vegas,2025
1442532,Sticky,2025
1442538,Elevator Lady,2025
1442776,Crazy Lizard,2024
1443184,Utshob,2025
1444376,Graveyard Horror,2025
1445276,A Love Too Captivating,2025
1447917,Rapsa,2025
1448497,Ocean with David Attenborough,2025
1448938,Abduct,2025
1449951,Snow White,2025
1450379,King of Painting,2025
1450432,Arouse,2025
1450599,K.O.,2025
1452176,Abraham's Boys: A Dracula Story,2025
1452267,Cocoon: Aru Natsu no Shoujo-tachi yori,2025
1453857,Habal,2025
1454308,The Pursuit of Lust 5,2025
1455907,剑引恩仇,2024
1457124,Titanic: The Digital Resurrection,2025
1457986,In Dispute: Lively v. Baldoni,2025
1458319,How to Train Your Dragon 2,2027
1459233,Violet,2025
1465038,The Last GunFight,2025
1465476,Lulu Is a Rhinoceros,2025
1466016,El Conjuro Siniestro,2023
1466120,Dead Again,2025
1466938,A Deadly American Marriage,2025
1469239,Karol G: Tomorrow Was Beautiful,2025
1470086,Ligaw,2025
1470736,Open,2025
1471014,Van Gogh by Vincent,2025
1471345,Homo Argentum,2025
1472668,Wick Is Pain,2025
1476286,Pihit,2025
1476292,Kalakal,2025
1476450,Bayo,2025
1477114,Sorority,2025
1477565,Trainwreck: The Real Project X,2025
1477566,Trainwreck: Balloon Boy,2025
1480799,The Great Escape,2023
1481390,Curious Tales of a Temple,2025
1484262,Trainwreck: The Cult of American Apparel,2025
1484267,Trainwreck: P.I. Moms,2025
1488147,Douluo Dalu Movie: Sword of Dust,2025
1490213,Demon Slayer: Kimetsu no Yaiba — Entertainment District Decisive Battle Arc,2023
1490320,Pleasant  Goat and Big Big Wolf: Bright New Dawn,2025
1491570,Shark Whisperer,2025
1491902,Bang,2025
1492108,Kandungan,2025
1495110,Vir Das: Fool Volume,2025
1500536,Dead to Rights,2025
1503451,Marc Maron: Panicked,2025
1504091,Nate Jackson: Super Funny,2025
1504735,Squid Game in Conversation,2025
1505315,Pavlov’s Dog,2025
1505898,Jurassic World Rebirth: The Making of a New Era,2025
1506130,It's Worth It by Dani Rovira,2025
1506450,Sipsipan,2025
1506537,Ultimate Mission,2025
1507191,Dusty Slay: Wet Heat,2025
1507450,If I Run,2025
1507672,The Way of Paddy,2013
1508562,I'm Still a Superstar,2025
1512774,One Chicago Crossover Event,2025
1513538,The Kim Kardashian Diamond Heist,2025
1513598,Stolen: Heist of the Century,2025
1513656,Su from So,2025
1514770,ドジで、タメ口で、すぐ不貞腐れるけど なんだかんだ性処理ご奉仕だけは絶対に手を抜かない 正直で実直で可愛すぎる【僕専属】気まぐれメイド,2025
1516539,Sunday Best: The Untold Story of Ed Sullivan,2025
1517292,Tusok Tusok,2025
1518121,Ligaya,2025
1519456,Demon Slayer: Kimetsu no Yaiba Special Edition Hashira Training Arc Part 2,2025
1522126,1000 Men and Me: The Bonnie Blue Story,2025
1522816,Las Culturistas Culture Awards 2025,2025
1523652,Trianggulo,2025
1523658,L: Langoy,2025
1523662,Victoria's Silver,2025
1526836,Los últimos fareros,2025
